region_code,value_type,year,month,avg_mwh,min_mwh,max_mwh,stddev_mwh,n_hours
CAL,D,2023,8,37306.44,25998.00,54130.00,6246.21,685
CAL,D,2023,9,32210.02,24089.00,46913.00,4493.95,720
CAL,D,2023,10,30062.29,22224.00,44848.00,4154.88,744
CAL,D,2023,11,28153.77,21313.00,34048.00,2823.89,720
CAL,D,2023,12,28898.03,23899.00,34631.00,2623.95,744
CAL,D,2024,1,28548.32,22645.00,34727.00,2648.36,744
CAL,D,2024,2,27880.97,21355.00,34610.00,2676.46,696
CAL,D,2024,3,26292.05,19655.00,32463.00,2415.24,744
CAL,D,2024,4,26031.53,19744.00,32112.00,2474.52,720
CAL,D,2024,5,27792.14,18941.00,36742.00,3064.36,744
CAL,D,2024,6,32466.95,24258.00,46319.00,4820.15,720
CAL,D,2024,7,37846.48,26389.00,54947.00,6415.85,744
CAL,D,2024,8,37469.25,25807.00,52782.00,6151.86,744
CAL,D,2024,9,34955.11,24325.00,58867.00,7261.05,720
CAL,D,2024,10,31719.08,23390.00,49933.00,5340.13,744
CAL,D,2024,11,28532.96,21488.00,33928.00,2700.98,720
CAL,D,2024,12,29504.29,23678.00,35555.00,2826.64,744
CAL,D,2025,1,28858.18,23780.00,34754.00,2509.54,744
CAL,D,2025,2,28308.26,22775.00,35309.00,2749.67,672
CAL,D,2025,3,27410.84,20325.00,34239.00,2690.52,744
CAL,D,2025,4,27722.52,20857.00,34223.00,2520.34,720
CAL,D,2025,5,29939.86,23401.00,44931.00,3846.35,744
CAL,D,2025,6,33007.33,24505.00,45371.00,4316.21,720
CAL,D,2025,7,34712.21,19427.00,49174.00,4756.77,744
CAL,D,2025,8,38012.87,26748.00,54517.00,6090.12,744
CAL,D,2025,9,36230.26,25772.00,52635.00,5797.38,720
CAL,D,2025,10,30034.96,23211.00,37590.00,3406.57,744
CAL,D,2025,11,28968.53,22883.00,35930.00,3072.82,720
CAL,D,2025,12,30128.95,21373.00,37063.00,3282.45,744
CAL,D,2026,1,29289.24,21665.00,35422.00,3057.07,744
CAL,D,2026,2,29129.10,22820.00,36788.00,3075.65,672
CAL,D,2026,3,30181.62,22981.00,44406.00,4163.69,744
CAL,D,2026,4,28446.19,21843.00,35806.00,2736.62,720
CAL,D,2026,5,29859.32,23351.00,40855.00,3467.32,744
CAL,D,2026,6,33920.45,24835.00,48325.00,4883.30,720
CAL,D,2026,7,38514.99,26122.00,54147.00,6423.54,744
CAL,D,2026,8,38730.75,29670.00,51111.00,6605.39,36
CAL,DF,2023,8,37381.78,26741.00,56974.00,6904.13,685
CAL,DF,2023,9,31670.23,21963.00,48041.00,4950.23,720
CAL,DF,2023,10,29427.29,19179.00,44933.00,4601.39,744
CAL,DF,2023,11,27213.76,18838.00,34309.00,3195.88,720
CAL,DF,2023,12,27985.35,20609.00,34872.00,3054.36,744
CAL,DF,2024,1,27592.25,19962.00,34672.00,3050.04,744
CAL,DF,2024,2,26758.07,18021.00,33476.00,3091.66,696
CAL,DF,2024,3,25161.58,16052.00,32131.00,3039.71,744
CAL,DF,2024,4,24688.59,15053.00,32133.00,3336.38,720
CAL,DF,2024,5,26310.81,17083.00,37230.00,3638.45,744
CAL,DF,2024,6,31796.66,20259.00,46442.00,5619.65,720
CAL,DF,2024,7,38629.94,24483.00,56627.00,7717.52,744
CAL,DF,2024,8,36488.59,8250.00,55573.00,6995.20,744
CAL,DF,2024,9,34270.93,23095.00,59690.00,7796.54,720
CAL,DF,2024,10,30585.10,21256.00,52143.00,5772.60,744
CAL,DF,2024,11,26030.64,1971.00,34037.00,6551.50,720
CAL,DF,2024,12,27987.13,21574.00,35232.00,2994.27,744
CAL,DF,2025,1,27553.19,19233.00,34154.00,3037.47,744
CAL,DF,2025,2,26894.72,18253.00,33866.00,3282.13,672
CAL,DF,2025,3,25144.75,1720.00,34635.00,5014.88,744
CAL,DF,2025,4,25600.14,16448.00,34169.00,3373.11,720
CAL,DF,2025,5,27881.38,17942.00,44357.00,4426.79,744
CAL,DF,2025,6,30952.74,19794.00,45655.00,4901.74,720
CAL,DF,2025,7,32564.34,21731.00,48942.00,5437.06,744
CAL,DF,2025,8,35718.17,23893.00,54817.00,6730.05,744
CAL,DF,2025,9,34284.94,23974.00,51455.00,6118.58,720
CAL,DF,2025,10,27821.15,18491.00,38450.00,3617.18,744
CAL,DF,2025,11,26192.82,536.00,36900.00,5223.08,720
CAL,DF,2025,12,28053.45,19597.00,35244.00,3142.28,744
CAL,DF,2026,1,27106.41,19908.00,33832.00,2957.44,744
CAL,DF,2026,2,26690.88,16833.00,35194.00,3457.67,672
CAL,DF,2026,3,26741.46,225.00,42348.00,6013.59,744
CAL,DF,2026,4,25397.85,16227.00,34256.00,3459.40,720
CAL,DF,2026,5,26782.01,17158.00,41749.00,4317.06,744
CAL,DF,2026,6,30845.44,18781.00,46483.00,5480.90,720
CAL,DF,2026,7,35682.81,23240.00,53183.00,6931.75,744
CAL,DF,2026,8,33510.33,26714.00,47223.00,6640.43,36
CAL,NG,2023,8,31913.72,18757.00,52026.00,7579.77,685
CAL,NG,2023,9,27079.57,16917.00,43874.00,5387.91,720
CAL,NG,2023,10,25809.51,15954.00,39583.00,4935.29,744
CAL,NG,2023,11,22625.07,3069.00,32816.00,4776.20,720
CAL,NG,2023,12,23872.77,16517.00,31376.00,3274.43,744
CAL,NG,2024,1,25106.56,15198.00,32745.00,3676.06,744
CAL,NG,2024,2,23403.66,14498.00,31145.00,3487.15,696
CAL,NG,2024,3,22410.15,14775.00,29784.00,3538.14,744
CAL,NG,2024,4,22324.18,14324.00,31677.00,4237.39,720
CAL,NG,2024,5,24683.13,15376.00,34861.00,4862.20,744
CAL,NG,2024,6,28037.45,15798.00,43345.00,6415.13,720
CAL,NG,2024,7,33810.06,17689.00,53214.00,7930.53,744
CAL,NG,2024,8,32466.14,17469.00,48829.00,7240.44,744
CAL,NG,2024,9,29660.94,16859.00,54049.00,7850.70,720
CAL,NG,2024,10,26785.90,16013.00,45085.00,6180.40,744
CAL,NG,2024,11,22235.16,2485.00,29427.00,4797.24,720
CAL,NG,2024,12,22697.66,14655.00,31925.00,3513.86,744
CAL,NG,2025,1,23768.50,14617.00,32163.00,3747.09,744
CAL,NG,2025,2,24342.59,13008.00,34074.00,4258.10,672
CAL,NG,2025,3,22254.40,13708.00,30958.00,3971.85,744
CAL,NG,2025,4,23628.82,14636.00,33182.00,4572.03,720
CAL,NG,2025,5,26669.11,15059.00,41864.00,5635.53,744
CAL,NG,2025,6,28993.63,15619.00,44558.00,6690.66,720
CAL,NG,2025,7,31175.67,17285.00,46247.00,6990.26,744
CAL,NG,2025,8,33504.17,17991.00,53668.00,7975.52,744
CAL,NG,2025,9,30045.28,16668.00,50747.00,7318.99,720
CAL,NG,2025,10,24641.97,14416.00,34816.00,4991.38,744
CAL,NG,2025,11,23471.48,14232.00,31584.00,4085.34,720
CAL,NG,2025,12,20150.53,11242.00,31116.00,4354.02,744
CAL,NG,2026,1,18718.58,10827.00,27438.00,3409.66,744
CAL,NG,2026,2,19256.57,12339.00,29003.00,3260.34,672
CAL,NG,2026,3,20621.69,11569.00,37721.00,4477.49,744
CAL,NG,2026,4,19878.64,11588.00,30096.00,3367.52,720
CAL,NG,2026,5,22071.95,14730.00,38544.00,4144.12,744
CAL,NG,2026,6,24829.21,14577.00,39757.00,5576.23,720
CAL,NG,2026,7,31046.88,14468.00,51304.00,8248.61,744
CAL,NG,2026,8,32721.79,22333.00,46153.00,8198.60,24
CAL,TI,2023,8,-4760.07,-10184.00,3194.00,2557.42,685
CAL,TI,2023,9,-4480.62,-8846.00,3725.00,2435.65,720
CAL,TI,2023,10,-3778.80,-8564.00,2278.00,2346.10,744
CAL,TI,2023,11,-4505.91,-9020.00,1968.00,2396.11,720
CAL,TI,2023,12,-3885.21,-7931.00,1195.00,2010.47,744
CAL,TI,2024,1,-2687.32,-8012.00,2086.00,2097.00,744
CAL,TI,2024,2,-4179.60,-8970.00,2037.00,2350.25,696
CAL,TI,2024,3,-3353.11,-8802.00,2219.00,2909.62,744
CAL,TI,2024,4,-3582.69,-9773.00,4293.00,3345.57,720
CAL,TI,2024,5,-2654.89,-9565.00,3801.00,3427.44,744
CAL,TI,2024,6,-4426.27,-10175.00,4162.00,2722.69,720
CAL,TI,2024,7,-3805.34,-9039.00,2880.00,2045.35,744
CAL,TI,2024,8,-4679.79,-8493.00,1609.00,1710.21,744
CAL,TI,2024,9,-4955.53,-8568.00,1272.00,1778.37,720
CAL,TI,2024,10,-4833.34,-8966.00,-8.00,1838.62,744
CAL,TI,2024,11,-5400.30,-8598.00,233.00,2110.18,720
CAL,TI,2024,12,-6900.01,-10824.00,-1312.00,1549.61,744
CAL,TI,2025,1,-5206.07,-10201.00,72.00,2229.93,744
CAL,TI,2025,2,-3646.31,-10089.00,1490.00,2331.95,672
CAL,TI,2025,3,-5063.84,-9597.00,1884.00,2764.33,744
CAL,TI,2025,4,-4320.43,-9648.00,2087.00,2861.19,720
CAL,TI,2025,5,-3445.05,-9636.00,3754.00,3004.37,744
CAL,TI,2025,6,-4148.19,-9198.00,2281.00,2991.06,720
CAL,TI,2025,7,-3524.42,-8483.00,3320.00,2482.39,744
CAL,TI,2025,8,-4223.71,-8963.00,2317.00,2117.45,744
CAL,TI,2025,9,-5704.98,-10155.00,19.00,1970.90,720
CAL,TI,2025,10,-5189.73,-9275.00,-462.00,1742.38,744
CAL,TI,2025,11,-5206.47,-8930.00,-258.00,1601.39,720
CAL,TI,2025,12,-8494.84,-12820.00,-1481.00,2131.39,744
CAL,TI,2026,1,-7576.45,-12436.00,-1169.00,2464.71,744
CAL,TI,2026,2,-6662.84,-11193.00,55.00,2567.38,672
CAL,TI,2026,3,-6185.42,-11786.00,1871.00,2993.17,744
CAL,TI,2026,4,-5081.76,-11459.00,2480.00,3071.85,720
CAL,TI,2026,5,-4017.72,-9740.00,3076.00,3150.71,744
CAL,TI,2026,6,-5283.22,-11225.00,4225.00,3658.38,720
CAL,TI,2026,7,-3876.06,-11126.00,3415.00,3120.87,744
CAL,TI,2026,8,-4281.00,-7166.00,-1381.00,1803.86,24
CAR,D,2023,8,30450.56,20167.00,43307.00,6149.28,685
CAR,D,2023,9,25594.81,16846.00,42892.00,5658.67,720
CAR,D,2023,10,21824.03,16010.00,30272.00,2992.03,744
CAR,D,2023,11,23411.54,17083.00,38820.00,3519.73,720
CAR,D,2023,12,25621.46,16925.00,39265.00,4263.49,744
CAR,D,2024,1,28066.66,17616.00,44816.00,5062.61,744
CAR,D,2024,2,25092.94,17528.00,37026.00,3324.90,696
CAR,D,2024,3,21972.54,16264.00,30345.00,2478.15,744
CAR,D,2024,4,22035.98,16370.00,31860.00,3072.83,720
CAR,D,2024,5,24595.44,16291.00,35591.00,4725.67,744
CAR,D,2024,6,29383.56,16870.00,43954.00,6378.09,720
CAR,D,2024,7,31117.95,20000.00,43532.00,6115.23,744
CAR,D,2024,8,29366.99,18152.00,43090.00,6030.47,744
CAR,D,2024,9,24920.88,15571.00,36296.00,4393.86,720
CAR,D,2024,10,22094.17,16458.00,31497.00,3081.43,744
CAR,D,2024,11,22672.05,16548.00,32210.00,2801.22,720
CAR,D,2024,12,26887.66,18018.00,42023.00,4371.66,744
CAR,D,2025,1,31798.77,19640.00,47130.00,5518.50,744
CAR,D,2025,2,26300.29,17973.00,44031.00,5040.09,672
CAR,D,2025,3,22512.40,16430.00,36606.00,2950.66,744
CAR,D,2025,4,22497.04,16672.00,33058.00,3382.60,720
CAR,D,2025,5,23682.69,16519.00,35460.00,4406.38,744
CAR,D,2025,6,29866.07,16770.00,44754.00,6580.11,720
CAR,D,2025,7,32720.42,20343.00,44481.00,6482.79,744
CAR,D,2025,8,27318.95,18370.00,41282.00,5407.51,744
CAR,D,2025,9,25264.62,17173.00,38000.00,4866.25,720
CAR,D,2025,10,22240.90,16746.00,30746.00,2919.48,744
CAR,D,2025,11,22333.25,4844.00,33822.00,3259.43,720
CAR,D,2025,12,26107.43,11509.00,46338.00,5359.67,744
CAR,D,2026,1,29639.44,17324.00,47260.00,5941.22,744
CAR,D,2026,2,28432.14,17974.00,46863.00,6053.49,672
CAR,D,2026,3,22347.53,14764.00,33038.00,3211.06,744
CAR,D,2026,4,22682.30,16454.00,33189.00,3671.21,720
CAR,D,2026,5,24286.42,17155.00,38778.00,5077.55,744
CAR,D,2026,6,29504.23,17458.00,43732.00,6474.65,720
CAR,D,2026,7,32388.65,21083.00,45246.00,6646.87,744
CAR,D,2026,8,28497.36,22188.00,36679.00,5045.68,36
CAR,DF,2023,8,30693.71,20405.00,44575.00,6337.95,685
CAR,DF,2023,9,25524.80,16779.00,42305.00,5641.41,720
CAR,DF,2023,10,21989.21,16215.00,30733.00,3150.11,744
CAR,DF,2023,11,23532.19,16973.00,38880.00,3543.38,720
CAR,DF,2023,12,25721.24,16226.00,40442.00,4285.32,744
CAR,DF,2024,1,28492.40,17195.00,45304.00,4946.74,744
CAR,DF,2024,2,25375.02,17632.00,37497.00,3444.11,696
CAR,DF,2024,3,22181.26,15928.00,31654.00,2493.51,744
CAR,DF,2024,4,22008.66,16224.00,31232.00,3111.22,720
CAR,DF,2024,5,24870.50,16289.00,36555.00,4943.47,744
CAR,DF,2024,6,28995.31,16911.00,43758.00,6552.90,720
CAR,DF,2024,7,31190.91,19704.00,44759.00,6411.12,744
CAR,DF,2024,8,29511.77,17919.00,43968.00,6237.06,744
CAR,DF,2024,9,25163.79,17222.00,37587.00,4536.15,720
CAR,DF,2024,10,21899.60,16099.00,30170.00,3084.28,744
CAR,DF,2024,11,22489.19,16215.00,32126.00,2791.21,720
CAR,DF,2024,12,27098.25,18107.00,42296.00,4611.82,744
CAR,DF,2025,1,32065.35,20094.00,47887.00,5530.79,744
CAR,DF,2025,2,26485.69,18116.00,45204.00,4826.29,672
CAR,DF,2025,3,22746.96,16758.00,36942.00,2859.27,744
CAR,DF,2025,4,22443.45,15574.00,31234.00,3344.42,720
CAR,DF,2025,5,23345.24,15015.00,37084.00,4624.32,744
CAR,DF,2025,6,29919.16,16559.00,45396.00,6799.70,720
CAR,DF,2025,7,31319.06,17811.00,46065.00,6860.23,744
CAR,DF,2025,8,26505.95,14182.00,39562.00,5831.36,744
CAR,DF,2025,9,23705.19,15411.00,37645.00,4824.62,720
CAR,DF,2025,10,21500.19,14508.00,31375.00,3017.26,744
CAR,DF,2025,11,21520.48,2058.00,35825.00,4573.96,719
CAR,DF,2025,12,26010.38,15301.00,45930.00,5262.20,744
CAR,DF,2026,1,25003.54,14775.00,44220.00,5935.73,744
CAR,DF,2026,2,23184.38,10626.00,40478.00,4590.80,672
CAR,DF,2026,3,22438.41,14933.00,32609.00,3084.69,744
CAR,DF,2026,4,22231.63,14794.00,33487.00,3774.72,720
CAR,DF,2026,5,23326.72,15426.00,38858.00,4828.28,744
CAR,DF,2026,6,28605.16,15551.00,43446.00,6462.60,720
CAR,DF,2026,7,32025.73,18029.00,46220.00,6937.65,744
CAR,DF,2026,8,28700.69,22220.00,38289.00,5666.27,36
CAR,NG,2023,8,30122.13,20156.00,41343.00,5843.77,685
CAR,NG,2023,9,25281.78,16732.00,40715.00,5384.61,720
CAR,NG,2023,10,21748.10,16048.00,30499.00,3013.61,744
CAR,NG,2023,11,23388.74,17119.00,36527.00,3160.45,720
CAR,NG,2023,12,25291.85,17208.00,37240.00,3941.88,744
CAR,NG,2024,1,27671.81,17954.00,41166.00,4413.97,744
CAR,NG,2024,2,24819.18,17838.00,35362.00,2983.22,696
CAR,NG,2024,3,22110.35,16617.00,29781.00,2285.30,744
CAR,NG,2024,4,22184.02,16511.00,31578.00,2979.37,720
CAR,NG,2024,5,24815.78,16760.00,35357.00,4551.69,744
CAR,NG,2024,6,28622.19,17005.00,41794.00,6182.12,720
CAR,NG,2024,7,30576.74,19937.00,41987.00,5869.47,744
CAR,NG,2024,8,29067.84,18440.00,42971.00,5746.36,744
CAR,NG,2024,9,24762.98,17191.00,35066.00,4282.15,720
CAR,NG,2024,10,21999.66,16191.00,30741.00,2974.26,744
CAR,NG,2024,11,22664.36,16967.00,31944.00,2645.65,720
CAR,NG,2024,12,26821.54,18249.00,40662.00,4110.85,744
CAR,NG,2025,1,30833.84,19752.00,43078.00,4733.55,744
CAR,NG,2025,2,26236.75,18575.00,41708.00,4462.93,672
CAR,NG,2025,3,22334.06,16602.00,34756.00,2702.23,744
CAR,NG,2025,4,22810.89,17255.00,33708.00,3327.27,720
CAR,NG,2025,5,23831.19,16863.00,34756.00,4126.45,744
CAR,NG,2025,6,29343.98,17291.00,42464.00,6133.48,720
CAR,NG,2025,7,31617.71,18630.00,41175.00,6010.40,744
CAR,NG,2025,8,26776.25,17591.00,39600.00,5371.94,744
CAR,NG,2025,9,24386.76,17092.00,36038.00,4518.66,720
CAR,NG,2025,10,22174.74,16917.00,29774.00,2782.57,744
CAR,NG,2025,11,21960.28,2594.00,30100.00,2938.26,720
CAR,NG,2025,12,25407.34,15022.00,42585.00,4733.55,744
CAR,NG,2026,1,28600.62,17970.00,42204.00,5053.19,744
CAR,NG,2026,2,27381.39,18487.00,40946.00,4936.77,672
CAR,NG,2026,3,22142.61,14883.00,31408.00,2954.75,744
CAR,NG,2026,4,22395.60,15851.00,32051.00,3479.50,720
CAR,NG,2026,5,23767.32,17070.00,35833.00,4597.61,744
CAR,NG,2026,6,29130.14,17883.00,41000.00,6051.05,720
CAR,NG,2026,7,31827.81,21411.00,42669.00,6242.83,744
CAR,NG,2026,8,29238.50,22112.00,35895.00,5162.17,24
CAR,TI,2023,8,-330.37,-2053.00,1057.00,487.50,685
CAR,TI,2023,9,-314.98,-2223.00,617.00,432.70,720
CAR,TI,2023,10,-77.12,-1008.00,993.00,339.88,744
CAR,TI,2023,11,-47.05,-2433.00,736.00,503.16,720
CAR,TI,2023,12,-332.00,-2266.00,529.00,458.48,744
CAR,TI,2024,1,-397.54,-3979.00,1402.00,862.67,744
CAR,TI,2024,2,-275.55,-1835.00,566.00,416.06,696
CAR,TI,2024,3,130.90,-1503.00,1331.00,381.25,744
CAR,TI,2024,4,150.11,-747.00,959.00,344.68,720
CAR,TI,2024,5,218.40,-1154.00,1433.00,382.03,744
CAR,TI,2024,6,-641.71,-2087.00,1550.00,606.84,720
CAR,TI,2024,7,-541.09,-2436.00,365.00,456.79,744
CAR,TI,2024,8,-310.13,-2255.00,915.00,524.95,744
CAR,TI,2024,9,-160.83,-1549.00,1651.00,483.86,720
CAR,TI,2024,10,-101.36,-1512.00,1234.00,349.21,744
CAR,TI,2024,11,-12.63,-1508.00,1179.00,449.26,720
CAR,TI,2024,12,-68.59,-1689.00,955.00,374.01,744
CAR,TI,2025,1,-967.62,-5592.00,746.00,1115.88,744
CAR,TI,2025,2,-71.50,-2963.00,1409.00,713.14,672
CAR,TI,2025,3,-186.47,-2252.00,631.00,399.10,744
CAR,TI,2025,4,316.86,-952.00,1798.00,460.97,720
CAR,TI,2025,5,146.04,-2002.00,1549.00,454.44,744
CAR,TI,2025,6,-469.00,-2952.00,755.00,637.60,720
CAR,TI,2025,7,-684.62,-3534.00,1077.00,953.94,744
CAR,TI,2025,8,37.39,-2180.00,1897.00,732.33,744
CAR,TI,2025,9,260.62,-1636.00,2016.00,662.23,720
CAR,TI,2025,10,-54.25,-1784.00,1292.00,443.80,744
CAR,TI,2025,11,-190.37,-2972.00,1626.00,712.26,681
CAR,TI,2025,12,-643.32,-3845.00,1248.00,890.94,721
CAR,TI,2026,1,-1018.77,-4803.00,1154.00,995.97,744
CAR,TI,2026,2,-1078.11,-6512.00,1369.00,1338.42,672
CAR,TI,2026,3,-157.68,-1265.00,1219.00,387.12,744
CAR,TI,2026,4,-122.13,-3409.00,2581.00,962.94,720
CAR,TI,2026,5,-168.19,-2976.00,1747.00,860.65,744
CAR,TI,2026,6,-179.38,-3228.00,1758.00,739.08,720
CAR,TI,2026,7,-453.21,-2989.00,2218.00,939.08,744
CAR,TI,2026,8,-452.50,-1122.00,-96.00,281.74,22
CENT,D,2023,8,39660.60,27928.00,56048.00,6959.10,685
CENT,D,2023,9,33437.07,23427.00,50219.00,5892.29,720
CENT,D,2023,10,28780.86,22621.00,41488.00,3412.21,744
CENT,D,2023,11,29533.58,24254.00,36946.00,2349.04,720
CENT,D,2023,12,30997.55,24576.00,36745.00,2066.13,744
CENT,D,2024,1,35387.49,28127.00,51052.00,4896.06,744
CENT,D,2024,2,30432.14,24921.00,36092.00,2375.62,696
CENT,D,2024,3,28823.88,25014.00,35663.00,2145.48,744
CENT,D,2024,4,28818.39,23829.00,36332.00,2475.00,720
CENT,D,2024,5,30695.80,23883.00,41158.00,3974.58,744
CENT,D,2024,6,37016.16,25085.00,53007.00,6340.39,720
CENT,D,2024,7,39108.49,25013.00,54279.00,6569.12,744
CENT,D,2024,8,39565.97,26790.00,52734.00,6460.22,744
CENT,D,2024,9,33959.85,24777.00,48585.00,5420.34,720
CENT,D,2024,10,30391.46,24710.00,40931.00,3653.70,744
CENT,D,2024,11,29615.11,24373.00,35730.00,2270.06,720
CENT,D,2024,12,32363.76,26990.00,39068.00,2497.24,744
CENT,D,2025,1,36401.98,29082.00,47054.00,3383.62,744
CENT,D,2025,2,35346.27,27241.00,47981.00,4585.22,672
CENT,D,2025,3,29868.95,25568.00,36895.00,2178.87,744
CENT,D,2025,4,29832.89,24930.00,36395.00,2381.94,720
CENT,D,2025,5,31001.24,24406.00,43902.00,3730.36,744
CENT,D,2025,6,36297.22,25382.00,50785.00,5817.11,720
CENT,D,2025,7,40873.97,28951.00,54448.00,6409.53,744
CENT,D,2025,8,39258.00,27814.00,54774.00,6860.94,744
CENT,D,2025,9,34329.36,25823.00,48009.00,5138.74,720
CENT,D,2025,10,31752.09,24494.00,44219.00,3723.98,744
CENT,D,2025,11,30975.53,26228.00,38169.00,2264.19,720
CENT,D,2025,12,34946.18,26053.00,42048.00,3263.50,744
CENT,D,2026,1,35508.88,28776.00,45653.00,4461.21,744
CENT,D,2026,2,32664.70,27475.00,40889.00,2601.14,672
CENT,D,2026,3,32228.92,26427.00,40586.00,2410.10,744
CENT,D,2026,4,31290.69,26372.00,39312.00,2923.42,720
CENT,D,2026,5,32717.44,26161.00,45332.00,4293.89,744
CENT,D,2026,6,37780.44,28138.00,52550.00,5546.64,720
CENT,D,2026,7,43363.26,29461.00,58002.00,6373.80,744
CENT,D,2026,8,37106.31,30578.00,45789.00,4900.40,36
CENT,DF,2023,8,40447.78,28756.00,55089.00,6767.46,685
CENT,DF,2023,9,33259.33,23528.00,50283.00,5926.97,720
CENT,DF,2023,10,28740.76,23076.00,42496.00,3544.49,744
CENT,DF,2023,11,29279.61,24340.00,36298.00,2307.25,720
CENT,DF,2023,12,30909.41,25100.00,36297.00,2095.19,744
CENT,DF,2024,1,34971.19,28847.00,46299.00,3869.34,744
CENT,DF,2024,2,29032.53,38.00,36500.00,5837.59,696
CENT,DF,2024,3,28846.94,24880.00,35361.00,1863.34,744
CENT,DF,2024,4,28760.67,24477.00,34807.00,2285.12,720
CENT,DF,2024,5,30378.06,24203.00,41841.00,3784.52,744
CENT,DF,2024,6,36875.34,24906.00,52400.00,6231.68,720
CENT,DF,2024,7,38709.57,26845.00,54442.00,6535.07,744
CENT,DF,2024,8,39547.19,57.00,53321.00,6557.18,744
CENT,DF,2024,9,33614.07,24877.00,48489.00,5222.99,720
CENT,DF,2024,10,30209.41,24534.00,39940.00,3577.63,744
CENT,DF,2024,11,29425.21,24853.00,35167.00,2182.27,720
CENT,DF,2024,12,32138.22,27642.00,38176.00,2294.03,744
CENT,DF,2025,1,35977.10,29412.00,45688.00,3101.59,744
CENT,DF,2025,2,34951.64,27664.00,48104.00,4589.67,672
CENT,DF,2025,3,29964.35,25308.00,36607.00,1979.10,744
CENT,DF,2025,4,29612.34,24997.00,36336.00,2271.08,720
CENT,DF,2025,5,33297.76,24720.00,48285.00,4252.42,744
CENT,DF,2025,6,39648.05,26889.00,53479.00,6366.37,720
CENT,DF,2025,7,44627.16,32288.00,58318.00,6536.15,720
CENT,DF,2025,8,40830.64,17.00,57838.00,10210.98,744
CENT,DF,2025,9,36082.12,19.00,52131.00,8417.31,720
CENT,DF,2025,10,34884.13,25975.00,48354.00,4315.12,744
CENT,DF,2025,11,34324.46,27145.00,45841.00,3120.29,720
CENT,DF,2025,12,39047.69,30274.00,48628.00,3823.37,744
CENT,DF,2026,1,40141.25,14.00,57960.00,9072.48,739
CENT,DF,2026,2,36745.80,28988.00,49138.00,3389.86,672
CENT,DF,2026,3,35076.22,26429.00,47156.00,3231.14,744
CENT,DF,2026,4,33666.25,1622.00,46645.00,6255.70,720
CENT,DF,2026,5,36044.03,26391.00,49677.00,4855.71,744
CENT,DF,2026,6,38997.51,19.00,54054.00,8726.69,714
CENT,DF,2026,7,45840.83,19.00,63485.00,10112.26,738
CENT,DF,2026,8,39555.89,33637.00,47359.00,4626.33,36
CENT,NG,2023,8,40658.28,28585.00,55981.00,6886.11,685
CENT,NG,2023,9,34427.43,23985.00,51694.00,5906.71,720
CENT,NG,2023,10,29554.50,23677.00,42773.00,3288.66,744
CENT,NG,2023,11,29996.45,24293.00,37947.00,2412.40,720
CENT,NG,2023,12,31619.71,25999.00,37362.00,2058.44,744
CENT,NG,2024,1,35137.45,27688.00,46204.00,3646.87,744
CENT,NG,2024,2,31324.79,26073.00,38443.00,2478.49,696
CENT,NG,2024,3,30213.32,25461.00,36139.00,1864.29,744
CENT,NG,2024,4,29540.52,24100.00,37030.00,2399.59,720
CENT,NG,2024,5,31106.24,23986.00,41840.00,3799.41,744
CENT,NG,2024,6,37931.58,25292.00,53604.00,6290.49,720
CENT,NG,2024,7,39860.34,27248.00,55190.00,6595.51,744
CENT,NG,2024,8,40198.67,28034.00,53876.00,6471.71,744
CENT,NG,2024,9,34417.80,25390.00,49143.00,5319.46,720
CENT,NG,2024,10,30887.47,25587.00,40829.00,3176.40,744
CENT,NG,2024,11,30403.65,24947.00,37039.00,2266.98,720
CENT,NG,2024,12,32799.33,26703.00,39690.00,2527.90,744
CENT,NG,2025,1,37065.05,29776.00,48578.00,3493.50,744
CENT,NG,2025,2,36015.03,28831.00,46956.00,4403.65,672
CENT,NG,2025,3,30907.97,26453.00,38448.00,2205.56,744
CENT,NG,2025,4,30275.37,25280.00,37475.00,2435.83,720
CENT,NG,2025,5,31851.29,25112.00,43424.00,3478.35,744
CENT,NG,2025,6,37034.69,25674.00,51034.00,5925.83,720
CENT,NG,2025,7,42353.19,30177.00,58744.00,6705.38,744
CENT,NG,2025,8,40130.93,27709.00,55822.00,6922.16,744
CENT,NG,2025,9,35315.93,26943.00,48274.00,5033.26,720
CENT,NG,2025,10,32416.74,26010.00,44908.00,3546.47,744
CENT,NG,2025,11,31657.54,26599.00,38481.00,2072.72,720
CENT,NG,2025,12,35778.76,28601.00,44049.00,2875.82,744
CENT,NG,2026,1,35849.00,29192.00,48588.00,4926.03,744
CENT,NG,2026,2,33428.33,27734.00,44825.00,2894.51,672
CENT,NG,2026,3,33079.16,26983.00,42366.00,2416.99,744
CENT,NG,2026,4,32120.32,26168.00,40793.00,2837.17,720
CENT,NG,2026,5,33326.76,26299.00,44489.00,4227.23,744
CENT,NG,2026,6,38434.55,28767.00,53136.00,5541.09,720
CENT,NG,2026,7,44186.35,29922.00,56853.00,6340.67,744
CENT,NG,2026,8,39667.45,33209.00,46359.00,4841.94,22
CENT,TI,2023,8,997.96,-2728.00,2525.00,731.13,685
CENT,TI,2023,9,990.73,-730.00,3519.00,666.05,720
CENT,TI,2023,10,773.81,-1349.00,2510.00,644.63,744
CENT,TI,2023,11,463.51,-2056.00,2370.00,798.05,720
CENT,TI,2023,12,621.38,-2033.00,2100.00,691.82,744
CENT,TI,2024,1,45.01,-5557.00,1556.00,1152.58,744
CENT,TI,2024,2,870.62,-2348.00,2927.00,836.21,696
CENT,TI,2024,3,779.19,-2733.00,3654.00,923.25,744
CENT,TI,2024,4,721.86,-2513.00,3360.00,877.60,720
CENT,TI,2024,5,410.55,-1990.00,2690.00,811.51,744
CENT,TI,2024,6,915.64,-1749.00,2669.00,742.25,720
CENT,TI,2024,7,732.31,-950.00,2204.00,602.55,744
CENT,TI,2024,8,631.55,-1559.00,2820.00,755.10,744
CENT,TI,2024,9,458.95,-2031.00,2238.00,691.79,720
CENT,TI,2024,10,428.44,-2943.00,2424.00,1003.51,744
CENT,TI,2024,11,789.17,-1934.00,2740.00,788.92,720
CENT,TI,2024,12,464.22,-2567.00,2917.00,734.52,744
CENT,TI,2025,1,627.99,-1953.00,3167.00,847.34,744
CENT,TI,2025,2,665.04,-2201.00,2726.00,774.86,672
CENT,TI,2025,3,925.51,-1823.00,3253.00,889.15,744
CENT,TI,2025,4,531.33,-3086.00,3918.00,1073.76,720
CENT,TI,2025,5,488.87,-1891.00,2731.00,758.53,744
CENT,TI,2025,6,798.04,-1486.00,3579.00,794.75,720
CENT,TI,2025,7,1337.35,-1087.00,5876.00,946.03,744
CENT,TI,2025,8,872.02,-1899.00,2823.00,761.43,744
CENT,TI,2025,9,889.46,-1328.00,3014.00,780.67,720
CENT,TI,2025,10,634.23,-983.00,3372.00,906.80,744
CENT,TI,2025,11,641.75,-2792.00,3993.00,1029.82,670
CENT,TI,2025,12,742.18,-2012.00,3774.00,874.45,704
CENT,TI,2026,1,425.55,-2971.00,4682.00,1106.74,744
CENT,TI,2026,2,764.10,-2567.00,4086.00,1030.51,672
CENT,TI,2026,3,849.88,-2343.00,2672.00,832.21,744
CENT,TI,2026,4,829.59,-2852.00,3392.00,906.87,720
CENT,TI,2026,5,599.77,-2676.00,3055.00,917.52,744
CENT,TI,2026,6,669.78,-1533.00,2602.00,830.76,720
CENT,TI,2026,7,765.01,-2000.00,5559.00,1075.08,744
CENT,TI,2026,8,749.73,7.00,1425.00,426.67,22
FLA,D,2023,8,38285.14,24904.00,54139.00,8091.50,685
FLA,D,2023,9,33913.34,20340.00,49084.00,7608.01,720
FLA,D,2023,10,28967.55,9437.00,44205.00,6594.22,744
FLA,D,2023,11,25108.44,8678.00,39343.00,5517.59,720
FLA,D,2023,12,24538.49,17206.00,35153.00,3771.82,744
FLA,D,2024,1,25434.80,17509.00,43040.00,3844.05,744
FLA,D,2024,2,24016.97,16763.00,32579.00,3539.03,696
FLA,D,2024,3,25458.80,15653.00,37230.00,5156.92,744
FLA,D,2024,4,26944.68,16672.00,42228.00,6152.29,720
FLA,D,2024,5,34408.75,20276.00,50419.00,8001.55,744
FLA,D,2024,6,35771.85,22380.00,51505.00,7636.12,720
FLA,D,2024,7,37545.74,24023.00,51112.00,7875.19,744
FLA,D,2024,8,36890.43,23947.00,52426.00,7534.86,744
FLA,D,2024,9,35192.99,23132.00,48703.00,7240.30,720
FLA,D,2024,10,28879.81,16014.00,47545.00,6697.36,744
FLA,D,2024,11,27275.54,17252.00,40117.00,5962.07,720
FLA,D,2024,12,24943.51,17568.00,33434.00,3627.12,744
FLA,D,2025,1,27643.01,17605.00,43974.00,5253.11,744
FLA,D,2025,2,25564.33,17186.00,37142.00,4714.65,672
FLA,D,2025,3,24900.16,16751.00,39945.00,4773.72,744
FLA,D,2025,4,29160.75,14368.00,43280.00,6941.04,720
FLA,D,2025,5,33869.69,19994.00,50305.00,8206.39,744
FLA,D,2025,6,35611.30,21757.00,49906.00,7869.23,720
FLA,D,2025,7,37486.32,23388.00,54587.00,8304.96,744
FLA,D,2025,8,37234.86,23495.00,52806.00,7922.94,744
FLA,D,2025,9,33912.09,21753.00,47636.00,7130.54,720
FLA,D,2025,10,29956.04,17639.00,44402.00,6413.62,744
FLA,D,2025,11,25474.29,16430.00,38298.00,4824.48,720
FLA,D,2025,12,25629.72,17246.00,34692.00,4058.76,744
FLA,D,2026,1,26864.81,17249.00,42769.00,4822.02,744
FLA,D,2026,2,27556.75,17324.00,52211.00,6535.05,672
FLA,D,2026,3,26779.43,17019.00,41487.00,5559.15,744
FLA,D,2026,4,28249.00,18396.00,42705.00,6145.51,720
FLA,D,2026,5,33773.15,19407.00,47974.00,7495.06,744
FLA,D,2026,6,36703.58,21179.00,52481.00,8026.03,720
FLA,D,2026,7,38324.55,25421.00,54093.00,7770.51,744
FLA,D,2026,8,34021.64,26398.00,43408.00,5950.90,36
FLA,DF,2023,8,36430.84,24227.00,49799.00,7466.13,685
FLA,DF,2023,9,32341.13,19943.00,45972.00,7024.25,720
FLA,DF,2023,10,27514.04,8236.00,40728.00,6162.95,744
FLA,DF,2023,11,23130.21,6050.00,35474.00,6287.11,720
FLA,DF,2023,12,23336.23,16532.00,33085.00,3569.98,744
FLA,DF,2024,1,24041.94,16352.00,33801.00,3464.89,744
FLA,DF,2024,2,23005.97,16278.00,31677.00,3334.97,696
FLA,DF,2024,3,24484.54,8392.00,35994.00,4999.65,744
FLA,DF,2024,4,25854.26,15921.00,38994.00,5852.60,720
FLA,DF,2024,5,32596.28,18989.00,47867.00,7567.81,744
FLA,DF,2024,6,34099.16,21648.00,47826.00,7136.86,720
FLA,DF,2024,7,35800.54,23038.00,47771.00,7318.18,744
FLA,DF,2024,8,35248.84,22988.00,48485.00,7163.69,744
FLA,DF,2024,9,33434.76,22552.00,45037.00,6544.78,720
FLA,DF,2024,10,27641.70,16642.00,44480.00,6222.69,744
FLA,DF,2024,11,24990.48,491.00,36974.00,5833.00,720
FLA,DF,2024,12,23678.30,16676.00,32201.00,3406.17,744
FLA,DF,2025,1,26022.91,16835.00,41345.00,4509.55,744
FLA,DF,2025,2,24519.59,16534.00,35264.00,4514.31,672
FLA,DF,2025,3,23854.34,7027.00,35756.00,4615.35,744
FLA,DF,2025,4,27772.36,16204.00,40796.00,6552.11,720
FLA,DF,2025,5,32511.02,19140.00,48644.00,7693.88,744
FLA,DF,2025,6,34188.57,20945.00,47313.00,7431.21,720
FLA,DF,2025,7,35452.96,21383.00,51166.00,7694.74,744
FLA,DF,2025,8,35662.08,21276.00,49847.00,7630.35,744
FLA,DF,2025,9,31668.00,20400.00,44105.00,6543.00,720
FLA,DF,2025,10,27687.01,15895.00,39146.00,5938.27,744
FLA,DF,2025,11,22854.20,375.00,35285.00,5898.23,720
FLA,DF,2025,12,23921.28,15757.00,33368.00,3841.54,744
FLA,DF,2026,1,24919.15,16305.00,37737.00,3898.08,744
FLA,DF,2026,2,24851.35,13999.00,44802.00,5142.32,672
FLA,DF,2026,3,24953.58,7536.00,37983.00,5232.75,744
FLA,DF,2026,4,26168.58,16237.00,39852.00,5814.72,720
FLA,DF,2026,5,31351.10,17918.00,44108.00,6981.40,744
FLA,DF,2026,6,34242.23,20364.00,48568.00,7577.30,720
FLA,DF,2026,7,35330.00,21807.00,50069.00,7374.48,744
FLA,DF,2026,8,32217.03,24142.00,41893.00,6253.84,36
FLA,NG,2023,8,37318.24,24463.00,51616.00,7646.34,685
FLA,NG,2023,9,33408.42,20302.00,47518.00,7306.86,720
FLA,NG,2023,10,28729.64,9012.00,43571.00,6442.04,744
FLA,NG,2023,11,24921.29,8108.00,38998.00,5539.63,720
FLA,NG,2023,12,24617.81,17380.00,34618.00,3690.74,744
FLA,NG,2024,1,25800.77,17837.00,43130.00,3854.72,744
FLA,NG,2024,2,24371.42,16868.00,32752.00,3457.46,696
FLA,NG,2024,3,25372.31,14380.00,36550.00,4963.99,744
FLA,NG,2024,4,26715.81,16700.00,41055.00,5950.21,720
FLA,NG,2024,5,33523.38,20055.00,48407.00,7459.90,744
FLA,NG,2024,6,34789.24,22003.00,49246.00,7290.81,720
FLA,NG,2024,7,36894.84,23383.00,49827.00,7688.99,744
FLA,NG,2024,8,36197.20,23413.00,50990.00,7341.54,744
FLA,NG,2024,9,34667.76,22991.00,48020.00,7056.13,720
FLA,NG,2024,10,28401.28,16279.00,45365.00,6369.43,744
FLA,NG,2024,11,26839.36,17211.00,38908.00,5703.53,720
FLA,NG,2024,12,24596.65,17260.00,32792.00,3545.22,744
FLA,NG,2025,1,27535.36,17763.00,42490.00,5009.99,744
FLA,NG,2025,2,25497.44,17177.00,36952.00,4633.18,672
FLA,NG,2025,3,24547.23,16664.00,39288.00,4652.37,744
FLA,NG,2025,4,28700.63,14225.00,42439.00,6750.60,720
FLA,NG,2025,5,33308.72,19820.00,48943.00,7856.58,744
FLA,NG,2025,6,34902.52,21265.00,48593.00,7671.78,720
FLA,NG,2025,7,37033.49,23094.00,52922.00,8055.62,744
FLA,NG,2025,8,36386.18,22809.00,50908.00,7626.94,744
FLA,NG,2025,9,33703.43,21912.00,47336.00,7041.58,720
FLA,NG,2025,10,29856.91,17549.00,43967.00,6377.52,744
FLA,NG,2025,11,25284.91,16203.00,36548.00,4699.23,720
FLA,NG,2025,12,25600.63,17126.00,33741.00,3978.15,744
FLA,NG,2026,1,27106.28,17557.00,43044.00,4838.19,744
FLA,NG,2026,2,27389.72,17469.00,50002.00,6134.69,672
FLA,NG,2026,3,26451.07,16759.00,40095.00,5395.71,744
FLA,NG,2026,4,27874.03,18021.00,41627.00,6002.81,720
FLA,NG,2026,5,33374.51,19495.00,46805.00,7199.49,744
FLA,NG,2026,6,36036.98,21175.00,50985.00,7681.19,720
FLA,NG,2026,7,37743.79,25615.00,52756.00,7499.56,744
FLA,NG,2026,8,35659.05,27273.00,42851.00,5887.37,21
FLA,TI,2023,8,-900.77,-2695.00,319.00,721.12,685
FLA,TI,2023,9,-491.16,-1996.00,127.00,431.85,720
FLA,TI,2023,10,-256.38,-1756.00,1940.00,310.52,744
FLA,TI,2023,11,-199.72,-1456.00,1265.00,418.66,720
FLA,TI,2023,12,70.46,-832.00,893.00,260.85,744
FLA,TI,2024,1,375.54,-255.00,1447.00,317.01,744
FLA,TI,2024,2,377.10,-261.00,1913.00,225.88,696
FLA,TI,2024,3,-120.99,-1593.00,926.00,368.23,744
FLA,TI,2024,4,-219.85,-1796.00,317.00,320.81,720
FLA,TI,2024,5,-901.32,-3610.00,561.00,762.82,744
FLA,TI,2024,6,-944.81,-2802.00,224.00,501.17,720
FLA,TI,2024,7,-641.13,-1823.00,2280.00,373.92,744
FLA,TI,2024,8,-681.47,-2274.00,420.00,351.02,744
FLA,TI,2024,9,-522.28,-2034.00,535.00,310.02,720
FLA,TI,2024,10,-481.03,-3549.00,364.00,464.25,744
FLA,TI,2024,11,-475.20,-2167.00,295.00,424.49,720
FLA,TI,2024,12,-323.06,-1975.00,316.00,270.53,744
FLA,TI,2025,1,-105.50,-2329.00,838.00,534.82,744
FLA,TI,2025,2,-60.42,-1045.00,1071.00,369.55,672
FLA,TI,2025,3,-374.92,-2620.00,766.00,417.28,744
FLA,TI,2025,4,-455.06,-1387.00,376.00,287.21,720
FLA,TI,2025,5,-588.71,-2174.00,382.00,447.20,744
FLA,TI,2025,6,-778.31,-3668.00,628.00,535.17,720
FLA,TI,2025,7,-425.35,-2149.00,618.00,492.53,744
FLA,TI,2025,8,-843.29,-3021.00,-138.00,474.85,744
FLA,TI,2025,9,-120.56,-968.00,892.00,271.50,720
FLA,TI,2025,10,-105.73,-2443.00,743.00,231.72,744
FLA,TI,2025,11,-39.74,-1419.00,1920.00,484.91,720
FLA,TI,2025,12,69.63,-1441.00,1426.00,409.37,744
FLA,TI,2026,1,253.28,-1880.00,1650.00,441.63,744
FLA,TI,2026,2,-179.95,-2199.00,1247.00,558.61,672
FLA,TI,2026,3,-357.76,-2043.00,779.00,397.81,744
FLA,TI,2026,4,-324.69,-1445.00,1016.00,279.53,720
FLA,TI,2026,5,-394.32,-2557.00,1525.00,428.94,744
FLA,TI,2026,6,-558.39,-1855.00,622.00,493.44,720
FLA,TI,2026,7,-621.28,-3092.00,184.00,495.63,744
FLA,TI,2026,8,-581.10,-705.00,-408.00,79.55,21
MIDA,D,2023,8,101881.28,72215.00,138385.00,14379.70,685
MIDA,D,2023,9,89941.43,66271.00,146836.00,16272.40,720
MIDA,D,2023,10,80156.17,63543.00,112054.00,8793.89,744
MIDA,D,2023,11,86656.84,70591.00,117654.00,8633.00,719
MIDA,D,2023,12,91461.44,71285.00,114693.00,8847.09,744
MIDA,D,2024,1,101547.63,76950.00,133949.00,11428.24,744
MIDA,D,2024,2,92684.27,74073.00,112347.00,6786.13,696
MIDA,D,2024,3,84342.92,68092.00,106217.00,7048.73,744
MIDA,D,2024,4,80699.24,66855.00,106580.00,7316.75,720
MIDA,D,2024,5,85577.67,65818.00,121435.00,11403.33,744
MIDA,D,2024,6,102296.29,68658.00,147976.00,18760.08,720
MIDA,D,2024,7,109886.29,75769.00,153121.00,17783.57,744
MIDA,D,2024,8,104141.17,72518.00,149274.00,17812.18,744
MIDA,D,2024,9,89377.57,66191.00,120191.00,11756.46,720
MIDA,D,2024,10,80114.99,64193.00,96690.00,7232.66,744
MIDA,D,2024,11,84195.75,56260.00,104189.00,7719.09,720
MIDA,D,2024,12,98118.18,74436.00,121008.00,9439.37,744
MIDA,D,2025,1,110218.56,80261.00,144420.00,11466.63,744
MIDA,D,2025,2,102005.15,82130.00,128809.00,10012.01,672
MIDA,D,2025,3,86777.21,67629.00,115234.00,7652.43,744
MIDA,D,2025,4,82611.10,67089.00,103210.00,7041.77,720
MIDA,D,2025,5,82258.35,66131.00,110676.00,8676.49,744
MIDA,D,2025,6,103947.41,66898.00,160560.00,20098.48,720
MIDA,D,2025,7,116136.90,81347.00,154380.00,17122.48,744
MIDA,D,2025,8,101218.02,68407.00,146576.00,17410.00,744
MIDA,D,2025,9,91593.91,69441.00,122368.00,11648.48,720
MIDA,D,2025,10,83659.37,68290.00,110666.00,7672.38,744
MIDA,D,2025,11,89359.16,72459.00,109091.00,7657.79,720
MIDA,D,2025,12,105284.09,81587.00,135723.00,10285.35,744
MIDA,D,2026,1,111026.02,81919.00,139410.00,13250.15,744
MIDA,D,2026,2,107341.94,82970.00,138304.00,12038.47,672
MIDA,D,2026,3,90230.15,73618.00,117928.00,8601.41,744
MIDA,D,2026,4,85131.79,70065.00,113314.00,8161.96,720
MIDA,D,2026,5,86870.49,69720.00,135687.00,11768.93,744
MIDA,D,2026,6,102192.13,74287.00,150053.00,15848.34,720
MIDA,D,2026,7,114883.11,82354.00,162648.00,18084.37,744
MIDA,D,2026,8,102372.25,88881.00,120236.00,10770.33,36
MIDA,DF,2023,8,99616.22,67438.00,137926.00,16140.44,685
MIDA,DF,2023,9,88883.76,62712.00,150928.00,17582.63,720
MIDA,DF,2023,10,79451.30,63377.00,111241.00,9119.44,744
MIDA,DF,2023,11,85883.61,68125.00,117965.00,8829.35,695
MIDA,DF,2023,12,90305.94,69899.00,114767.00,9097.23,744
MIDA,DF,2024,1,99718.25,73862.00,130999.00,11172.25,744
MIDA,DF,2024,2,91693.30,69645.00,112517.00,7805.48,696
MIDA,DF,2024,3,83426.62,66142.00,106187.00,7441.14,721
MIDA,DF,2024,4,79926.39,63642.00,106033.00,7663.36,720
MIDA,DF,2024,5,83785.98,63084.00,117470.00,12057.55,744
MIDA,DF,2024,6,99874.55,64430.00,146647.00,19919.83,720
MIDA,DF,2024,7,107812.55,71444.00,154484.00,18983.84,744
MIDA,DF,2024,8,102203.75,68284.00,151664.00,19155.17,744
MIDA,DF,2024,9,87974.19,64758.00,117055.00,12801.53,720
MIDA,DF,2024,10,79568.67,62697.00,95802.00,7743.76,744
MIDA,DF,2024,11,83376.11,67071.00,103133.00,7623.78,695
MIDA,DF,2024,12,96826.85,71579.00,123516.00,9672.15,744
MIDA,DF,2025,1,109042.12,77538.00,139338.00,10633.90,744
MIDA,DF,2025,2,100584.43,77861.00,129542.00,10500.07,672
MIDA,DF,2025,3,85697.86,65852.00,116941.00,8210.75,744
MIDA,DF,2025,4,81766.74,65696.00,104481.00,7482.90,720
MIDA,DF,2025,5,80712.59,63208.00,113024.00,9374.65,744
MIDA,DF,2025,6,100995.07,64631.00,157644.00,20822.69,720
MIDA,DF,2025,7,114072.15,80197.00,156738.00,18851.83,744
MIDA,DF,2025,8,100194.47,66117.00,141475.00,17699.61,744
MIDA,DF,2025,9,89747.73,66947.00,120184.00,12429.43,720
MIDA,DF,2025,10,82832.17,65144.00,110888.00,8141.12,744
MIDA,DF,2025,11,88431.24,68874.00,111565.00,7989.23,695
MIDA,DF,2025,12,104537.58,81400.00,130149.00,9678.00,744
MIDA,DF,2026,1,109420.56,76114.00,141092.00,13697.71,744
MIDA,DF,2026,2,106543.29,80438.00,135024.00,12863.48,672
MIDA,DF,2026,3,89131.59,69773.00,120346.00,9285.61,721
MIDA,DF,2026,4,84246.53,68410.00,119825.00,9429.43,720
MIDA,DF,2026,5,85005.81,66445.00,136170.00,12223.13,744
MIDA,DF,2026,6,99838.37,70600.00,148353.00,16392.51,720
MIDA,DF,2026,7,113390.60,77076.00,165557.00,20205.95,744
MIDA,DF,2026,8,102078.78,84153.00,126363.00,14468.45,36
MIDA,NG,2023,8,109231.54,81119.00,144857.00,14108.81,685
MIDA,NG,2023,9,96033.53,74411.00,150611.00,15600.11,720
MIDA,NG,2023,10,82272.19,67072.00,113237.00,8757.19,744
MIDA,NG,2023,11,90292.02,75327.00,120558.00,8659.82,719
MIDA,NG,2023,12,96450.49,77120.00,118313.00,7884.14,744
MIDA,NG,2024,1,106677.00,83293.00,143864.00,11453.96,744
MIDA,NG,2024,2,97123.10,78287.00,115539.00,6301.67,696
MIDA,NG,2024,3,88789.61,74939.00,107334.00,6202.76,744
MIDA,NG,2024,4,83527.01,68880.00,106978.00,7305.49,720
MIDA,NG,2024,5,87628.66,67986.00,121040.00,10774.81,744
MIDA,NG,2024,6,108028.38,76158.00,147635.00,17437.36,720
MIDA,NG,2024,7,113698.75,83208.00,156244.00,16445.50,744
MIDA,NG,2024,8,109276.83,81122.00,151651.00,16352.48,744
MIDA,NG,2024,9,93658.42,73116.00,123381.00,10825.03,720
MIDA,NG,2024,10,81736.28,68011.00,97802.00,6908.79,744
MIDA,NG,2024,11,86437.18,70600.00,107982.00,7573.55,719
MIDA,NG,2024,12,101133.22,80554.00,123684.00,8851.61,744
MIDA,NG,2025,1,114224.79,85912.00,152142.00,12079.05,744
MIDA,NG,2025,2,106041.74,85387.00,139376.00,11210.52,672
MIDA,NG,2025,3,91031.21,73488.00,118325.00,7087.36,744
MIDA,NG,2025,4,84860.38,69169.00,102512.00,7067.34,720
MIDA,NG,2025,5,86126.67,70306.00,112730.00,7765.09,744
MIDA,NG,2025,6,108888.43,74036.00,163021.00,19335.39,720
MIDA,NG,2025,7,121596.19,85684.00,159324.00,16866.28,744
MIDA,NG,2025,8,108017.63,78996.00,150923.00,16666.68,744
MIDA,NG,2025,9,96290.46,77018.00,122909.00,10789.71,720
MIDA,NG,2025,10,84500.13,68923.00,111401.00,7784.15,744
MIDA,NG,2025,11,90518.62,74089.00,111773.00,8239.63,719
MIDA,NG,2025,12,107782.44,84876.00,138520.00,9800.29,744
MIDA,NG,2026,1,114770.50,86125.00,144084.00,12913.47,744
MIDA,NG,2026,2,109702.95,88598.00,141104.00,11694.54,672
MIDA,NG,2026,3,92866.95,77629.00,119059.00,8019.44,744
MIDA,NG,2026,4,86771.77,71540.00,115329.00,8214.18,720
MIDA,NG,2026,5,88339.62,69668.00,134045.00,11625.47,744
MIDA,NG,2026,6,106852.52,80236.00,155434.00,15127.85,720
MIDA,NG,2026,7,119442.52,86810.00,164403.00,17445.77,744
MIDA,NG,2026,8,108999.57,92667.00,123163.00,11834.88,21
MIDA,TI,2023,8,7328.87,2492.00,11733.00,1938.95,685
MIDA,TI,2023,9,6095.18,-57.00,10926.00,1622.72,720
MIDA,TI,2023,10,2119.63,-2895.00,8598.00,2040.58,744
MIDA,TI,2023,11,3595.37,-2289.00,7681.00,1879.82,695
MIDA,TI,2023,12,4991.96,366.00,9497.00,1671.63,744
MIDA,TI,2024,1,5132.31,461.00,11547.00,2253.72,744
MIDA,TI,2024,2,4439.26,-330.00,9259.00,1713.43,696
MIDA,TI,2024,3,4468.08,-946.00,8163.00,1518.22,722
MIDA,TI,2024,4,2827.78,-427.00,6867.00,1261.04,720
MIDA,TI,2024,5,2052.93,-2840.00,7270.00,2073.11,744
MIDA,TI,2024,6,5737.31,-837.00,11509.00,2299.75,720
MIDA,TI,2024,7,3816.54,-646.00,8563.00,1832.61,744
MIDA,TI,2024,8,5138.49,-261.00,9904.00,2010.82,744
MIDA,TI,2024,9,4285.23,-2691.00,8474.00,2012.93,720
MIDA,TI,2024,10,1622.83,-3827.00,7142.00,1611.43,744
MIDA,TI,2024,11,2206.66,-2134.00,7625.00,1409.20,695
MIDA,TI,2024,12,3017.90,-1367.00,7318.00,1385.07,744
MIDA,TI,2025,1,4012.36,301.00,10195.00,1810.32,744
MIDA,TI,2025,2,4042.65,-656.00,13302.00,2100.07,672
MIDA,TI,2025,3,4254.03,260.00,8879.00,1511.21,744
MIDA,TI,2025,4,2249.23,-2287.00,10584.00,2292.09,720
MIDA,TI,2025,5,2073.52,-2039.00,7187.00,1737.33,744
MIDA,TI,2025,6,1107.36,-702.00,7430.00,1290.27,720
MIDA,TI,2025,7,1160.09,-889.00,10788.00,1707.37,744
MIDA,TI,2025,8,1473.69,-1024.00,9441.00,1705.72,744
MIDA,TI,2025,9,1139.39,-2031.00,8542.00,1434.11,720
MIDA,TI,2025,10,830.31,-2498.00,4939.00,789.04,744
MIDA,TI,2025,11,1162.46,-2129.00,3164.00,607.17,619
MIDA,TI,2025,12,1334.01,-2735.00,5143.00,659.92,690
MIDA,TI,2026,1,1359.28,-3922.00,6455.00,1056.54,744
MIDA,TI,2026,2,1463.50,-2894.00,5599.00,743.50,672
MIDA,TI,2026,3,1201.37,-1498.00,3958.00,682.56,722
MIDA,TI,2026,4,628.94,-2397.00,3853.00,750.66,720
MIDA,TI,2026,5,560.42,-3513.00,6353.00,853.76,744
MIDA,TI,2026,6,1968.00,-989.00,8554.00,1911.58,720
MIDA,TI,2026,7,1202.08,-4456.00,8854.00,1570.47,744
MIDA,TI,2026,8,557.29,-1273.00,865.00,479.39,21
MIDW,D,2023,8,93447.50,68576.00,132438.00,14743.78,685
MIDW,D,2023,9,81799.96,61365.00,120754.00,12190.44,720
MIDW,D,2023,10,72920.64,56982.00,104825.00,8643.09,744
MIDW,D,2023,11,74535.48,61590.00,94669.00,6576.07,720
MIDW,D,2023,12,77396.39,57173.00,96377.00,6950.44,744
MIDW,D,2024,1,87139.38,68805.00,115770.00,9960.97,744
MIDW,D,2024,2,75939.30,62777.00,93376.00,5661.88,696
MIDW,D,2024,3,71622.15,58368.00,88564.00,5451.91,744
MIDW,D,2024,4,70725.86,57300.00,84566.00,5878.24,720
MIDW,D,2024,5,76015.64,59402.00,102954.00,9260.11,744
MIDW,D,2024,6,88344.21,60308.00,120136.00,13958.70,720
MIDW,D,2024,7,92188.97,67388.00,126462.00,13734.35,744
MIDW,D,2024,8,92518.34,65148.00,132723.00,14414.15,744
MIDW,D,2024,9,81249.26,60367.00,112484.00,11564.54,720
MIDW,D,2024,10,73021.57,58734.00,88484.00,7276.77,744
MIDW,D,2024,11,74246.29,60191.00,86487.00,6051.54,720
MIDW,D,2024,12,80988.19,62569.00,101626.00,7978.81,744
MIDW,D,2025,1,90296.74,70556.00,117081.00,9593.15,744
MIDW,D,2025,2,85101.87,67480.00,113933.00,9556.18,672
MIDW,D,2025,3,73080.49,59555.00,90907.00,5534.67,744
MIDW,D,2025,4,72144.63,59003.00,87749.00,6086.37,720
MIDW,D,2025,5,73697.47,57254.00,102377.00,8571.07,744
MIDW,D,2025,6,89462.40,59477.00,127603.00,15048.33,720
MIDW,D,2025,7,98871.74,72241.00,130205.00,14879.82,744
MIDW,D,2025,8,91708.33,63987.00,126018.00,15469.35,744
MIDW,D,2025,9,82891.98,61915.00,112916.00,12136.12,720
MIDW,D,2025,10,75241.67,59167.00,103604.00,8765.41,744
MIDW,D,2025,11,75398.06,60433.00,91810.00,6118.82,720
MIDW,D,2025,12,85179.42,61364.00,110785.00,8934.17,744
MIDW,D,2026,1,89622.76,67537.00,113099.00,10028.51,744
MIDW,D,2026,2,82472.96,65975.00,104853.00,7835.57,672
MIDW,D,2026,3,75856.65,61137.00,98805.00,6570.12,744
MIDW,D,2026,4,74273.69,60952.00,90839.00,6746.01,720
MIDW,D,2026,5,76364.02,60069.00,103943.00,9427.81,744
MIDW,D,2026,6,89250.34,66030.00,132821.00,13673.68,720
MIDW,D,2026,7,101106.57,72948.00,130206.00,15004.77,744
MIDW,D,2026,8,88290.39,75441.00,103539.00,9470.67,36
MIDW,DF,2023,8,95728.39,70766.00,139510.00,15888.57,685
MIDW,DF,2023,9,83504.16,59975.00,126461.00,12957.38,720
MIDW,DF,2023,10,74856.49,59806.00,105903.00,8881.35,744
MIDW,DF,2023,11,75831.90,62364.00,95416.00,6540.14,720
MIDW,DF,2023,12,79172.30,62296.00,95215.00,6507.90,744
MIDW,DF,2024,1,87911.43,69969.00,115728.00,9061.78,744
MIDW,DF,2024,2,77758.40,65319.00,93640.00,5481.96,696
MIDW,DF,2024,3,73714.59,58855.00,89506.00,5343.28,744
MIDW,DF,2024,4,72194.33,58094.00,83712.00,5830.73,720
MIDW,DF,2024,5,77441.91,60052.00,107735.00,9285.47,744
MIDW,DF,2024,6,90500.32,62349.00,124249.00,14709.18,720
MIDW,DF,2024,7,90160.12,4828.00,129312.00,20588.91,744
MIDW,DF,2024,8,94157.67,65499.00,132361.00,14785.95,744
MIDW,DF,2024,9,81974.40,61025.00,110607.00,11288.25,720
MIDW,DF,2024,10,74267.44,59005.00,89938.00,7229.65,744
MIDW,DF,2024,11,75120.16,60011.00,88065.00,6034.76,720
MIDW,DF,2024,12,81291.87,61067.00,100375.00,8040.49,744
MIDW,DF,2025,1,90534.30,72216.00,116085.00,8868.31,744
MIDW,DF,2025,2,85531.66,67634.00,114028.00,9121.61,672
MIDW,DF,2025,3,74305.16,61666.00,91715.00,5496.91,744
MIDW,DF,2025,4,73058.32,59483.00,88092.00,6175.63,720
MIDW,DF,2025,5,74684.03,58182.00,102188.00,8739.67,744
MIDW,DF,2025,6,90794.59,60309.00,130835.00,15346.94,720
MIDW,DF,2025,7,99861.34,73728.00,136016.00,15460.05,744
MIDW,DF,2025,8,92875.64,64034.00,128930.00,16010.31,744
MIDW,DF,2025,9,84269.47,62784.00,115108.00,12277.97,720
MIDW,DF,2025,10,76532.88,61413.00,101681.00,8248.02,744
MIDW,DF,2025,11,76409.92,61068.00,93548.00,6305.15,720
MIDW,DF,2025,12,86500.54,63075.00,109844.00,8564.12,744
MIDW,DF,2026,1,90855.22,70235.00,120115.00,10331.08,744
MIDW,DF,2026,2,84214.78,67608.00,106686.00,7892.35,672
MIDW,DF,2026,3,74832.82,4643.00,101694.00,14359.02,744
MIDW,DF,2026,4,72915.93,4159.00,92647.00,14131.52,720
MIDW,DF,2026,5,77339.43,59993.00,103918.00,9382.68,744
MIDW,DF,2026,6,90911.83,69050.00,137042.00,14381.11,720
MIDW,DF,2026,7,103167.77,74045.00,138252.00,15919.81,744
MIDW,DF,2026,8,60741.83,4718.00,105040.00,42818.26,36
MIDW,NG,2023,8,88444.31,62276.00,127758.00,14585.87,685
MIDW,NG,2023,9,77646.55,55026.00,121705.00,12777.24,720
MIDW,NG,2023,10,71487.75,51385.00,102472.00,8961.70,744
MIDW,NG,2023,11,72839.44,58019.00,95611.00,7218.80,720
MIDW,NG,2023,12,75639.75,55125.00,98090.00,7827.08,744
MIDW,NG,2024,1,86426.18,63361.00,114553.00,10789.07,744
MIDW,NG,2024,2,73793.00,58598.00,91189.00,6172.27,696
MIDW,NG,2024,3,70485.90,53466.00,88886.00,5976.67,744
MIDW,NG,2024,4,70062.66,55778.00,84027.00,6184.72,720
MIDW,NG,2024,5,75047.30,55893.00,103547.00,10218.87,744
MIDW,NG,2024,6,84897.17,53908.00,117266.00,14827.19,720
MIDW,NG,2024,7,89791.35,63224.00,124067.00,14330.69,744
MIDW,NG,2024,8,89653.39,58825.00,123574.00,15155.08,744
MIDW,NG,2024,9,78736.67,55401.00,112547.00,12051.22,720
MIDW,NG,2024,10,72777.24,56998.00,87815.00,7361.85,744
MIDW,NG,2024,11,73871.65,57983.00,88081.00,6295.19,720
MIDW,NG,2024,12,81257.76,58509.00,102277.00,9017.28,744
MIDW,NG,2025,1,90817.22,68331.00,118640.00,9984.32,744
MIDW,NG,2025,2,85601.84,67856.00,113426.00,9152.37,672
MIDW,NG,2025,3,72098.48,58231.00,87245.00,5575.52,744
MIDW,NG,2025,4,71534.91,56260.00,86637.00,6239.71,720
MIDW,NG,2025,5,70072.67,53179.00,101383.00,9648.72,744
MIDW,NG,2025,6,86324.26,52698.00,126859.00,16233.35,720
MIDW,NG,2025,7,96683.50,70973.00,126254.00,14826.06,744
MIDW,NG,2025,8,88626.50,56775.00,125369.00,15828.26,744
MIDW,NG,2025,9,80998.14,56558.00,111859.00,12655.91,720
MIDW,NG,2025,10,75893.85,58169.00,103269.00,8565.55,744
MIDW,NG,2025,11,77154.85,58643.00,95073.00,6509.45,720
MIDW,NG,2025,12,87303.68,62010.00,117284.00,9799.78,744
MIDW,NG,2026,1,90945.81,68507.00,114936.00,10581.21,744
MIDW,NG,2026,2,85151.06,67379.00,111262.00,8756.41,672
MIDW,NG,2026,3,76298.37,60535.00,94944.00,6805.10,744
MIDW,NG,2026,4,74490.39,60802.00,90621.00,6985.37,720
MIDW,NG,2026,5,75063.64,56415.00,101560.00,9690.64,744
MIDW,NG,2026,6,85662.01,61418.00,129965.00,14493.40,720
MIDW,NG,2026,7,97127.24,68357.00,128836.00,15199.98,744
MIDW,NG,2026,8,96933.14,79864.00,110020.00,11454.39,21
MIDW,TI,2023,8,-6461.78,-11950.00,-1855.00,1985.61,685
MIDW,TI,2023,9,-5525.15,-9881.00,-265.00,1843.19,720
MIDW,TI,2023,10,-2726.89,-7721.00,985.00,1778.86,744
MIDW,TI,2023,11,-3206.19,-6990.00,1062.00,1551.67,720
MIDW,TI,2023,12,-3461.83,-8466.00,1203.00,1880.35,744
MIDW,TI,2024,1,-2617.03,-8698.00,4653.00,2476.49,744
MIDW,TI,2024,2,-3973.43,-9045.00,105.00,1837.53,696
MIDW,TI,2024,3,-3035.95,-7513.00,901.00,1550.22,744
MIDW,TI,2024,4,-2400.74,-6594.00,246.00,1218.89,720
MIDW,TI,2024,5,-2458.73,-6154.00,1325.00,1547.64,744
MIDW,TI,2024,6,-5037.80,-10495.00,-271.00,1919.28,720
MIDW,TI,2024,7,-3716.62,-7655.00,-205.00,1382.81,744
MIDW,TI,2024,8,-4506.84,-9388.00,-202.00,1914.85,744
MIDW,TI,2024,9,-4059.32,-7891.00,-916.00,1302.25,720
MIDW,TI,2024,10,-1836.60,-6430.00,2177.00,1506.89,744
MIDW,TI,2024,11,-1942.29,-5483.00,1381.00,1203.72,720
MIDW,TI,2024,12,-1291.37,-8478.00,2628.00,2020.77,744
MIDW,TI,2025,1,-1283.07,-6104.00,4444.00,1875.65,744
MIDW,TI,2025,2,-1321.09,-6916.00,2761.00,1750.77,672
MIDW,TI,2025,3,-2557.85,-6511.00,1044.00,1314.41,744
MIDW,TI,2025,4,-1988.50,-6041.00,1723.00,1480.85,720
MIDW,TI,2025,5,-4834.52,-9252.00,923.00,1834.79,744
MIDW,TI,2025,6,-4331.19,-9413.00,1005.00,1948.53,720
MIDW,TI,2025,7,-3784.18,-12187.00,1426.00,2152.62,744
MIDW,TI,2025,8,-4618.44,-10068.00,803.00,1698.11,744
MIDW,TI,2025,9,-3310.82,-8473.00,509.00,1839.40,720
MIDW,TI,2025,10,-1016.46,-7396.00,1712.00,1543.70,744
MIDW,TI,2025,11,30.19,-4502.00,3080.00,1521.52,670
MIDW,TI,2025,12,159.52,-5183.00,6317.00,1695.75,707
MIDW,TI,2026,1,-729.27,-9837.00,4939.00,2502.99,744
MIDW,TI,2026,2,657.29,-4655.00,6772.00,1921.42,672
MIDW,TI,2026,3,-1580.30,-7029.00,1708.00,1337.18,744
MIDW,TI,2026,4,-1600.78,-5664.00,2077.00,1567.74,720
MIDW,TI,2026,5,-2857.56,-7961.00,2000.00,1858.74,744
MIDW,TI,2026,6,-5378.54,-10311.00,-560.00,1665.15,720
MIDW,TI,2026,7,-5862.05,-17116.00,-482.00,2289.17,744
MIDW,TI,2026,8,-651.43,-1071.00,-245.00,282.40,21
NE,D,2023,8,13923.42,10131.00,19297.00,1985.36,685
NE,D,2023,9,13119.62,8317.00,23475.00,3003.93,720
NE,D,2023,10,11380.37,8623.00,16219.00,1551.70,744
NE,D,2023,11,12445.54,9387.00,17098.00,1687.00,720
NE,D,2023,12,13307.67,9948.00,17538.00,1661.24,744
NE,D,2024,1,14563.21,11012.00,18277.00,1694.10,744
NE,D,2024,2,13376.89,9810.00,16983.00,1515.82,696
NE,D,2024,3,12125.73,8004.00,15474.00,1517.29,744
NE,D,2024,4,11115.49,7392.00,15446.00,1540.65,720
NE,D,2024,5,11190.23,8065.00,16848.00,1603.07,744
NE,D,2024,6,13601.93,8362.00,23266.00,2905.33,720
NE,D,2024,7,16229.12,11438.00,24255.00,2905.16,744
NE,D,2024,8,14301.73,10092.00,23162.00,2620.25,744
NE,D,2024,9,11939.08,8751.00,16826.00,1622.81,720
NE,D,2024,10,11295.60,8157.00,14624.00,1426.46,744
NE,D,2024,11,12204.86,9018.00,15788.00,1518.05,720
NE,D,2024,12,14296.96,10306.00,18942.00,1720.94,744
NE,D,2025,1,15173.26,10602.00,19582.00,1773.85,744
NE,D,2025,2,14658.19,9744.00,18625.00,1680.58,672
NE,D,2025,3,12170.74,7761.00,17152.00,1694.45,744
NE,D,2025,4,11033.56,6032.00,15110.00,1741.20,720
NE,D,2025,5,10859.36,6199.00,14302.00,1452.92,744
NE,D,2025,6,13397.95,8443.00,25898.00,3365.84,720
NE,D,2025,7,15978.57,9676.00,24831.00,3145.74,744
NE,D,2025,8,13489.08,8143.00,22595.00,2811.25,744
NE,D,2025,9,11932.47,7868.00,16768.00,1824.86,720
NE,D,2025,10,11434.45,8286.00,15855.00,1560.67,744
NE,D,2025,11,12710.04,8639.00,16375.00,1564.90,720
NE,D,2025,12,15116.36,11384.00,19383.00,1626.23,744
NE,D,2026,1,15626.79,11040.00,20279.00,1983.98,744
NE,D,2026,2,15372.69,11766.00,20145.00,1643.67,672
NE,D,2026,3,12850.10,8458.00,17774.00,1770.65,744
NE,D,2026,4,11213.68,7312.00,14997.00,1624.99,720
NE,D,2026,5,11140.65,7381.00,18718.00,1871.42,744
NE,D,2026,6,13355.82,8610.00,22186.00,2499.60,720
NE,D,2026,7,15029.13,9780.00,25289.00,3000.04,744
NE,D,2026,8,14609.42,12415.00,18690.00,1865.34,36
NE,DF,2023,8,13711.90,9450.00,18980.00,2189.01,685
NE,DF,2023,9,12966.04,8450.00,23500.00,3067.59,720
NE,DF,2023,10,11307.86,8210.00,16500.00,1661.77,744
NE,DF,2023,11,12341.64,9070.00,17130.00,1755.36,720
NE,DF,2023,12,13195.62,9700.00,17700.00,1789.88,744
NE,DF,2024,1,14320.12,10730.00,18300.00,1880.96,744
NE,DF,2024,2,13196.21,9320.00,17500.00,1732.96,696
NE,DF,2024,3,11891.24,7030.00,15520.00,1694.18,744
NE,DF,2024,4,10909.17,6370.00,15250.00,1711.54,720
NE,DF,2024,5,10981.08,7660.00,17200.00,1763.88,744
NE,DF,2024,6,13413.07,7600.00,23900.00,3115.84,720
NE,DF,2024,7,15928.19,10560.00,24000.00,3103.60,744
NE,DF,2024,8,14055.32,9660.00,22900.00,2772.35,744
NE,DF,2024,9,11727.43,7580.00,17100.00,1837.26,720
NE,DF,2024,10,11017.73,7220.00,14600.00,1657.21,744
NE,DF,2024,11,11904.92,8320.00,15780.00,1738.92,720
NE,DF,2024,12,14104.46,10070.00,19400.00,1877.95,744
NE,DF,2025,1,14960.54,10350.00,19600.00,1938.19,744
NE,DF,2025,2,14491.49,9070.00,19000.00,1864.90,672
NE,DF,2025,3,11978.62,7270.00,17420.00,1859.59,744
NE,DF,2025,4,10810.97,5290.00,15100.00,1918.95,720
NE,DF,2025,5,10681.64,5140.00,14250.00,1630.73,744
NE,DF,2025,6,13231.49,7820.00,25800.00,3440.86,720
NE,DF,2025,7,15709.96,9640.00,24800.00,3294.39,744
NE,DF,2025,8,13243.28,7520.00,22760.00,2947.87,744
NE,DF,2025,9,11720.39,6940.00,16900.00,2032.26,720
NE,DF,2025,10,11175.89,7020.00,16000.00,1795.09,744
NE,DF,2025,11,12451.49,8050.00,16200.00,1769.29,720
NE,DF,2025,12,14882.14,10590.00,19220.00,1837.04,744
NE,DF,2026,1,15410.39,10840.00,20300.00,2142.67,744
NE,DF,2026,2,15109.20,10460.00,20300.00,1839.80,672
NE,DF,2026,3,12479.77,6960.00,17700.00,2029.99,744
NE,DF,2026,4,10867.04,6290.00,14900.00,1899.48,720
NE,DF,2026,5,10812.98,5660.00,20150.00,2089.61,744
NE,DF,2026,6,13017.57,7690.00,22150.00,2728.56,720
NE,DF,2026,7,14686.76,8550.00,25850.00,3155.58,744
NE,DF,2026,8,14050.28,11570.00,18250.00,2126.53,36
NE,NG,2023,8,12472.65,8467.00,16816.00,1885.09,685
NE,NG,2023,9,11929.04,7739.00,20347.00,2450.73,720
NE,NG,2023,10,10579.20,7548.00,14883.00,1398.90,744
NE,NG,2023,11,10247.81,7621.00,13864.00,1411.60,720
NE,NG,2023,12,10965.03,7652.00,14872.00,1477.57,744
NE,NG,2024,1,11926.59,7013.00,15965.00,1674.32,744
NE,NG,2024,2,10973.71,7328.00,14270.00,1290.75,696
NE,NG,2024,3,11715.78,8493.00,15573.00,1331.58,744
NE,NG,2024,4,10527.04,7500.00,13604.00,1272.68,720
NE,NG,2024,5,10527.19,8068.00,15952.00,1547.63,744
NE,NG,2024,6,12526.90,7843.00,20082.00,2398.58,720
NE,NG,2024,7,14635.21,10154.00,20986.00,2161.98,744
NE,NG,2024,8,13741.13,9338.00,20234.00,2282.52,744
NE,NG,2024,9,11669.38,7471.00,16212.00,1764.40,720
NE,NG,2024,10,10787.17,8022.00,14306.00,1340.75,744
NE,NG,2024,11,11491.47,8034.00,15465.00,1445.06,720
NE,NG,2024,12,11568.99,8313.00,15629.00,1530.88,744
NE,NG,2025,1,11862.79,7389.00,18447.00,1961.92,744
NE,NG,2025,2,11406.54,8196.00,15414.00,1555.45,672
NE,NG,2025,3,11398.54,7663.00,15456.00,1553.75,744
NE,NG,2025,4,10193.43,6161.00,14703.00,1620.48,720
NE,NG,2025,5,10072.96,5909.00,13408.00,1441.96,744
NE,NG,2025,6,13040.07,7509.00,22928.00,3041.73,720
NE,NG,2025,7,15373.46,9603.00,22284.00,2433.91,744
NE,NG,2025,8,13392.88,8810.00,20102.00,2458.62,744
NE,NG,2025,9,11857.48,8654.00,16908.00,1703.71,720
NE,NG,2025,10,11566.96,8643.00,15567.00,1566.80,744
NE,NG,2025,11,12758.73,9344.00,16897.00,1545.93,720
NE,NG,2025,12,13771.00,9572.00,19046.00,1715.35,744
NE,NG,2026,1,14101.33,10030.00,19724.00,2036.68,744
NE,NG,2026,2,13664.15,10355.00,19110.00,1725.33,672
NE,NG,2026,3,12278.39,8845.00,17158.00,1619.80,744
NE,NG,2026,4,10442.28,7221.00,14551.00,1427.88,720
NE,NG,2026,5,10281.04,7698.00,17149.00,1653.50,744
NE,NG,2026,6,12710.26,8147.00,20340.00,2428.13,720
NE,NG,2026,7,14863.59,10033.00,24417.00,2737.92,744
NE,NG,2026,8,15397.05,13020.00,18633.00,1994.69,21
NE,TI,2023,8,-1450.77,-3457.00,243.00,629.59,685
NE,TI,2023,9,-1190.57,-3544.00,1045.00,924.96,720
NE,TI,2023,10,-801.17,-2621.00,833.00,605.49,744
NE,TI,2023,11,-2197.73,-4386.00,-48.00,894.44,720
NE,TI,2023,12,-2342.64,-3865.00,-635.00,607.88,744
NE,TI,2024,1,-2636.62,-4161.00,-268.00,808.90,744
NE,TI,2024,2,-2403.18,-4032.00,220.00,744.19,696
NE,TI,2024,3,-409.95,-2658.00,1002.00,657.45,744
NE,TI,2024,4,-588.45,-2215.00,796.00,611.83,720
NE,TI,2024,5,-663.04,-2186.00,1118.00,633.58,744
NE,TI,2024,6,-1072.58,-3451.00,914.00,921.99,717
NE,TI,2024,7,-1593.91,-3874.00,1103.00,1114.00,744
NE,TI,2024,8,-564.90,-3415.00,1770.00,970.67,744
NE,TI,2024,9,-269.70,-2332.00,1760.00,864.42,720
NE,TI,2024,10,-508.43,-1787.00,1715.00,610.21,744
NE,TI,2024,11,-713.40,-2449.00,1499.00,760.24,720
NE,TI,2024,12,-2727.97,-4637.00,630.00,853.44,744
NE,TI,2025,1,-3310.47,-4702.00,-617.00,733.99,744
NE,TI,2025,2,-3257.34,-4788.00,-347.00,1021.88,671
NE,TI,2025,3,-772.20,-3552.00,1360.00,888.06,744
NE,TI,2025,4,-840.13,-2797.00,864.00,687.35,720
NE,TI,2025,5,-786.40,-1852.00,1132.00,477.79,744
NE,TI,2025,6,-356.01,-3399.00,1255.00,832.72,719
NE,TI,2025,7,-605.11,-3857.00,1556.00,1249.08,744
NE,TI,2025,8,-96.20,-3051.00,1883.00,877.72,744
NE,TI,2025,9,-74.99,-2622.00,1401.00,676.90,720
NE,TI,2025,10,132.51,-1087.00,1304.00,535.05,744
NE,TI,2025,11,68.26,-2529.00,1553.00,759.87,644
NE,TI,2025,12,-1319.90,-3551.00,1255.00,713.65,681
NE,TI,2026,1,-1525.46,-3851.00,965.00,674.02,744
NE,TI,2026,2,-1708.54,-3556.00,-13.00,488.75,672
NE,TI,2026,3,-571.71,-2733.00,1322.00,689.60,744
NE,TI,2026,4,-771.39,-2384.00,1129.00,596.99,720
NE,TI,2026,5,-859.61,-2749.00,1016.00,590.72,744
NE,TI,2026,6,-645.55,-3703.00,1332.00,808.61,720
NE,TI,2026,7,-165.53,-2548.00,2385.00,787.75,744
NE,TI,2026,8,535.71,-470.00,1445.00,582.01,21
NW,D,2023,8,44181.10,33418.00,62326.00,6853.31,685
NW,D,2023,9,38469.82,29554.00,49143.00,4792.55,720
NW,D,2023,10,37269.56,28932.00,48290.00,3935.55,744
NW,D,2023,11,40729.11,31520.00,51102.00,3900.70,720
NW,D,2023,12,42996.11,35244.00,49131.00,3251.93,744
NW,D,2024,1,45808.46,34756.00,59040.00,5373.31,744
NW,D,2024,2,42562.08,35354.00,49812.00,3250.96,696
NW,D,2024,3,40402.05,32001.00,50001.00,3629.40,744
NW,D,2024,4,38063.15,30978.00,43815.00,2887.53,720
NW,D,2024,5,38404.52,31056.00,45782.00,3445.80,744
NW,D,2024,6,43471.41,32381.00,58599.00,6184.11,720
NW,D,2024,7,47821.74,34536.00,64569.00,7826.22,744
NW,D,2024,8,45140.85,32786.00,64852.00,7159.42,744
NW,D,2024,9,40608.35,30409.00,56077.00,5850.48,720
NW,D,2024,10,38407.68,30565.00,45769.00,3856.87,744
NW,D,2024,11,41521.19,33359.00,50029.00,3507.28,720
NW,D,2024,12,44155.31,36082.00,52258.00,3559.41,744
NW,D,2025,1,46967.22,37595.00,56936.00,3739.54,744
NW,D,2025,2,45883.37,36069.00,59258.00,4379.48,672
NW,D,2025,3,40545.60,32148.00,48914.00,3271.32,744
NW,D,2025,4,38538.71,31120.00,46036.00,2939.97,720
NW,D,2025,5,38996.85,31196.00,50320.00,3913.14,744
NW,D,2025,6,43475.65,33495.00,60580.00,6125.05,720
NW,D,2025,7,47308.21,34285.00,62489.00,7305.71,744
NW,D,2025,8,46253.69,33539.00,64627.00,7125.29,744
NW,D,2025,9,40756.06,31495.00,55768.00,5396.45,720
NW,D,2025,10,38736.78,30780.00,45800.00,3363.85,744
NW,D,2025,11,40635.70,31955.00,49409.00,3501.58,720
NW,D,2025,12,43845.15,35783.00,52471.00,3635.67,744
NW,D,2026,1,45501.37,36709.00,57483.00,3512.16,744
NW,D,2026,2,43438.69,36588.00,52844.00,3353.12,672
NW,D,2026,3,40927.04,32032.00,47655.00,3496.02,744
NW,D,2026,4,36748.21,28382.00,46329.00,3313.33,720
NW,D,2026,5,38565.99,29730.00,50889.00,4157.38,744
NW,D,2026,6,44550.62,33483.00,60027.00,6071.72,720
NW,D,2026,7,49636.63,34997.00,66119.00,7773.00,744
NW,D,2026,8,46149.22,36858.00,60227.00,7550.10,36
NW,DF,2023,8,43574.13,33190.00,60501.00,6491.50,685
NW,DF,2023,9,37887.83,29971.00,49423.00,4624.39,720
NW,DF,2023,10,35733.23,26579.00,45245.00,3598.78,744
NW,DF,2023,11,39395.03,27361.00,48793.00,3620.54,720
NW,DF,2023,12,41596.24,33867.00,47344.00,2891.02,744
NW,DF,2024,1,44095.35,34756.00,56014.00,4579.05,744
NW,DF,2024,2,41289.52,34584.00,47223.00,2823.27,696
NW,DF,2024,3,38684.13,31667.00,47358.00,3341.17,744
NW,DF,2024,4,36473.54,30576.00,42181.00,2507.91,720
NW,DF,2024,5,35698.07,29509.00,42866.00,3029.84,744
NW,DF,2024,6,41177.22,30946.00,55935.00,5736.88,720
NW,DF,2024,7,46511.46,34241.00,62460.00,7409.06,744
NW,DF,2024,8,43879.48,32224.00,60780.00,6731.80,744
NW,DF,2024,9,39316.28,30132.00,54202.00,5595.05,720
NW,DF,2024,10,36663.36,29604.00,44286.00,3433.15,744
NW,DF,2024,11,39642.98,28874.00,46335.00,2962.21,720
NW,DF,2024,12,42398.76,35698.00,49168.00,3103.99,744
NW,DF,2025,1,44634.29,37137.00,53184.00,3280.12,744
NW,DF,2025,2,43521.65,35397.00,55295.00,3766.81,672
NW,DF,2025,3,38542.23,31369.00,45169.00,2770.47,744
NW,DF,2025,4,36146.86,30760.00,42891.00,2457.17,720
NW,DF,2025,5,36538.01,30685.00,47962.00,3410.20,744
NW,DF,2025,6,42051.90,29267.00,57502.00,5844.65,720
NW,DF,2025,7,45329.74,30916.00,60998.00,7176.97,744
NW,DF,2025,8,44580.81,32616.00,60309.00,6743.08,744
NW,DF,2025,9,38755.71,28836.00,53759.00,5035.14,720
NW,DF,2025,10,35545.19,25083.00,42808.00,3319.53,744
NW,DF,2025,11,38510.84,28662.00,46163.00,3206.12,720
NW,DF,2025,12,41470.44,34826.00,48924.00,3101.87,744
NW,DF,2026,1,40982.00,29358.00,50723.00,4104.20,744
NW,DF,2026,2,40287.53,34430.00,48587.00,2846.98,672
NW,DF,2026,3,37308.98,29459.00,43916.00,3013.35,744
NW,DF,2026,4,33722.85,27568.00,41837.00,2814.05,720
NW,DF,2026,5,34933.53,25827.00,46561.00,3913.98,744
NW,DF,2026,6,40665.81,29245.00,56401.00,5783.24,720
NW,DF,2026,7,45503.65,28567.00,61952.00,7986.90,744
NW,DF,2026,8,44136.28,36425.00,56291.00,6626.66,36
NW,NG,2023,8,45718.56,33702.00,61983.00,6167.56,685
NW,NG,2023,9,39317.49,29689.00,51824.00,4684.96,720
NW,NG,2023,10,37237.33,29610.00,45313.00,3326.03,744
NW,NG,2023,11,41346.51,33350.00,48708.00,3036.16,720
NW,NG,2023,12,42975.48,35378.00,50845.00,3152.23,744
NW,NG,2024,1,43357.14,34532.00,52840.00,3890.79,744
NW,NG,2024,2,42450.44,34596.00,50860.00,3055.82,696
NW,NG,2024,3,40367.55,31929.00,47941.00,3082.00,744
NW,NG,2024,4,38993.62,32822.00,47374.00,2810.48,720
NW,NG,2024,5,39671.97,30119.00,50039.00,3820.77,744
NW,NG,2024,6,45514.13,32720.00,58678.00,5959.07,720
NW,NG,2024,7,48074.18,35315.00,63316.00,6886.83,744
NW,NG,2024,8,46149.93,32618.00,62215.00,6638.60,744
NW,NG,2024,9,41001.55,29759.00,55056.00,5559.13,720
NW,NG,2024,10,38417.45,30025.00,48747.00,3810.07,744
NW,NG,2024,11,41800.13,34229.00,51081.00,3265.08,720
NW,NG,2024,12,44787.82,36748.00,52520.00,3326.85,744
NW,NG,2025,1,46627.93,38452.00,57397.00,3534.92,744
NW,NG,2025,2,44455.88,37275.00,56075.00,3382.75,672
NW,NG,2025,3,42245.15,33466.00,50108.00,3120.41,744
NW,NG,2025,4,41341.40,34506.00,50641.00,3089.12,720
NW,NG,2025,5,40393.26,31189.00,51964.00,3910.53,744
NW,NG,2025,6,44199.62,33787.00,57169.00,5125.18,720
NW,NG,2025,7,46613.65,34801.00,60584.00,5921.65,744
NW,NG,2025,8,45392.99,33695.00,60732.00,6366.34,744
NW,NG,2025,9,40411.69,30371.00,54143.00,4605.88,720
NW,NG,2025,10,39208.35,30885.00,46412.00,3251.23,744
NW,NG,2025,11,41212.90,30041.00,49728.00,3217.76,720
NW,NG,2025,12,47177.93,36750.00,54843.00,3083.60,744
NW,NG,2026,1,48888.90,40144.00,59414.00,3230.10,744
NW,NG,2026,2,45707.28,38970.00,52322.00,2970.18,672
NW,NG,2026,3,45877.56,36281.00,55038.00,3536.77,744
NW,NG,2026,4,39459.06,32184.00,50064.00,3392.38,720
NW,NG,2026,5,39575.33,32903.00,51322.00,3476.81,744
NW,NG,2026,6,46376.43,36071.00,63934.00,5286.03,720
NW,NG,2026,7,48203.91,33804.00,61505.00,6684.87,744
NW,NG,2026,8,50567.74,41952.00,59857.00,6359.86,23
NW,TI,2023,8,5918.30,-1350.00,11869.00,2679.34,685
NW,TI,2023,9,5219.49,521.00,9750.00,1882.44,720
NW,TI,2023,10,3945.49,-1957.00,9246.00,2270.09,744
NW,TI,2023,11,3946.82,-2102.00,8942.00,2289.27,720
NW,TI,2023,12,3917.51,-1003.00,10028.00,1622.62,744
NW,TI,2024,1,1897.74,-3488.00,7330.00,2434.17,744
NW,TI,2024,2,4424.91,-521.00,9571.00,2071.43,696
NW,TI,2024,3,4034.10,-1961.00,10307.00,2217.73,744
NW,TI,2024,4,4728.34,-376.00,10030.00,2353.91,720
NW,TI,2024,5,4130.17,-1977.00,9317.00,2492.17,744
NW,TI,2024,6,5569.69,-1568.00,11196.00,2294.71,720
NW,TI,2024,7,4889.25,-2263.00,12591.00,2494.36,744
NW,TI,2024,8,5363.36,-238.00,11205.00,2295.52,744
NW,TI,2024,9,4737.86,-82.00,10058.00,1977.01,720
NW,TI,2024,10,3873.32,-511.00,9637.00,2125.42,744
NW,TI,2024,11,4677.49,-200.00,9930.00,1756.04,720
NW,TI,2024,12,4781.21,-1237.00,10121.00,2290.23,744
NW,TI,2025,1,4089.83,-1581.00,10599.00,2186.60,744
NW,TI,2025,2,2911.69,-2419.00,11304.00,2846.66,672
NW,TI,2025,3,5131.03,-2634.00,11827.00,2900.75,744
NW,TI,2025,4,5251.71,-1474.00,11268.00,2845.14,720
NW,TI,2025,5,3830.19,-3014.00,10485.00,2870.74,744
NW,TI,2025,6,695.04,-5832.00,5400.00,2396.56,720
NW,TI,2025,7,-837.58,-65068.00,5710.00,3555.73,744
NW,TI,2025,8,-797.11,-6338.00,4858.00,2222.43,744
NW,TI,2025,9,-308.64,-5782.00,5330.00,2074.79,720
NW,TI,2025,10,458.15,-4260.00,5847.00,1982.83,744
NW,TI,2025,11,523.59,-4054.00,4828.00,1658.33,720
NW,TI,2025,12,3156.32,-4602.00,8691.00,2598.75,744
NW,TI,2026,1,3304.94,-2830.00,9712.00,2514.56,744
NW,TI,2026,2,2322.23,-2725.00,7161.00,2325.40,672
NW,TI,2026,3,5113.83,-11612.00,15780.00,2815.21,744
NW,TI,2026,4,2893.12,-3462.00,8403.00,2298.94,720
NW,TI,2026,5,1215.93,-4967.00,5792.00,2272.44,744
NW,TI,2026,6,2001.98,-6613.00,6901.00,2697.01,720
NW,TI,2026,7,-766.50,-8006.00,5930.00,2415.52,744
NW,TI,2026,8,2124.91,112.00,3988.00,1434.95,23
NY,D,2023,8,18835.64,13510.00,24917.00,2575.04,685
NY,D,2023,9,17441.41,12183.00,30206.00,3798.68,720
NY,D,2023,10,15277.89,11890.00,21735.00,1862.27,744
NY,D,2023,11,16091.79,12471.00,21305.00,1787.85,720
NY,D,2023,12,16808.60,13136.00,21001.00,1895.73,744
NY,D,2024,1,18045.08,0.00,22718.00,2115.79,744
NY,D,2024,2,17059.48,13352.00,20981.00,1610.16,696
NY,D,2024,3,15661.33,11976.00,19373.00,1580.58,744
NY,D,2024,4,14804.14,12218.00,19019.00,1507.58,720
NY,D,2024,5,15279.17,11987.00,21777.00,2034.25,744
NY,D,2024,6,18955.77,12738.00,28245.00,3539.67,720
NY,D,2024,7,21542.77,14477.00,28990.00,3428.70,744
NY,D,2024,8,19491.15,13345.00,28444.00,3268.76,744
NY,D,2024,9,16510.86,12690.00,22086.00,2089.56,720
NY,D,2024,10,14989.33,0.00,18567.00,1765.49,744
NY,D,2024,11,15703.33,12633.00,19337.00,1675.82,720
NY,D,2024,12,17981.93,13325.00,23065.00,1932.66,744
NY,D,2025,1,18998.00,0.00,23521.00,2177.52,744
NY,D,2025,2,18347.77,14401.00,22651.00,1733.35,672
NY,D,2025,3,15741.86,12594.00,20652.00,1591.87,744
NY,D,2025,4,14895.49,11061.00,18836.00,1523.60,720
NY,D,2025,5,14818.01,11508.00,18206.00,1580.06,744
NY,D,2025,6,18395.77,12165.00,31857.00,4045.01,720
NY,D,2025,7,21858.44,14573.00,30645.00,3497.85,744
NY,D,2025,8,18382.67,12364.00,27720.00,3277.88,744
NY,D,2025,9,16335.38,12591.00,21342.00,2104.84,720
NY,D,2025,10,14966.25,12285.00,20278.00,1697.99,744
NY,D,2025,11,16135.02,12647.00,20325.00,1720.56,720
NY,D,2025,12,18720.87,14557.00,23448.00,1875.46,744
NY,D,2026,1,19338.30,14283.00,24177.00,2211.64,744
NY,D,2026,2,18825.01,0.00,24317.00,2695.72,672
NY,D,2026,3,16115.40,11767.00,21368.00,1809.56,744
NY,D,2026,4,14583.12,10731.00,19962.00,1623.44,720
NY,D,2026,5,14697.04,10779.00,24472.00,2343.53,744
NY,D,2026,6,17760.32,12441.00,27545.00,3001.48,720
NY,D,2026,7,20116.39,14426.00,31097.00,3475.14,744
NY,D,2026,8,19381.25,16123.00,23518.00,2365.93,36
NY,DF,2023,8,18652.78,13509.00,24718.00,2669.71,685
NY,DF,2023,9,17024.35,11993.00,28907.00,3624.31,720
NY,DF,2023,10,14879.25,11973.00,20366.00,1719.77,744
NY,DF,2023,11,15655.44,12176.00,20478.00,1701.64,720
NY,DF,2023,12,16389.58,12914.00,20367.00,1776.48,744
NY,DF,2024,1,17434.21,13514.00,21899.00,1879.29,744
NY,DF,2024,2,16642.11,13022.00,20194.00,1498.77,696
NY,DF,2024,3,15262.30,12566.00,18489.00,1387.55,744
NY,DF,2024,4,14486.68,12034.00,17729.00,1435.00,720
NY,DF,2024,5,14959.76,11644.00,20907.00,1951.75,744
NY,DF,2024,6,18038.87,0.00,27930.00,4801.88,720
NY,DF,2024,7,21069.10,14107.00,29930.00,3462.42,744
NY,DF,2024,8,19103.93,12938.00,28516.00,3222.90,744
NY,DF,2024,9,16217.78,12507.00,20729.00,2020.79,720
NY,DF,2024,10,14173.43,0.00,18494.00,2968.55,744
NY,DF,2024,11,15220.60,12146.00,19078.00,1609.62,720
NY,DF,2024,12,17321.95,13388.00,21721.00,1719.15,744
NY,DF,2025,1,18369.06,13293.00,22945.00,1823.39,744
NY,DF,2025,2,17824.94,14129.00,22288.00,1635.85,672
NY,DF,2025,3,14922.16,0.00,20432.00,3071.56,744
NY,DF,2025,4,14527.06,11027.00,18157.00,1406.31,720
NY,DF,2025,5,14450.42,10130.00,17916.00,1624.92,744
NY,DF,2025,6,18054.75,11810.00,30398.00,3739.73,720
NY,DF,2025,7,21496.37,13885.00,30113.00,3382.40,744
NY,DF,2025,8,18366.94,12129.00,27419.00,3280.15,744
NY,DF,2025,9,15583.95,0.00,21223.00,3440.18,720
NY,DF,2025,10,14637.36,12020.00,20090.00,1630.52,744
NY,DF,2025,11,15768.59,12542.00,19659.00,1617.72,720
NY,DF,2025,12,18134.72,14103.00,22610.00,1742.39,744
NY,DF,2026,1,18782.49,14211.00,23548.00,2073.26,744
NY,DF,2026,2,18662.45,14896.00,23192.00,1856.91,672
NY,DF,2026,3,15808.48,12489.00,20910.00,1585.18,744
NY,DF,2026,4,13809.33,0.00,18419.00,2918.80,696
NY,DF,2026,5,14172.44,10845.00,21315.00,1918.19,696
NY,DF,2026,6,17424.80,12043.00,26984.00,3032.19,720
NY,DF,2026,7,20096.57,14145.00,31611.00,3665.25,744
NY,DF,2026,8,18907.14,15982.00,23072.00,2332.80,36
NY,NG,2023,8,15899.18,10942.00,23141.00,2428.96,685
NY,NG,2023,9,14618.86,8417.00,26753.00,3539.01,720
NY,NG,2023,10,13033.60,8507.00,19445.00,1952.27,744
NY,NG,2023,11,14646.80,10606.00,19141.00,1744.12,720
NY,NG,2023,12,14636.19,10817.00,18532.00,1708.63,744
NY,NG,2024,1,15412.20,11292.00,19474.00,1520.19,744
NY,NG,2024,2,15105.28,11132.00,18348.00,1381.10,696
NY,NG,2024,3,13323.91,9640.00,16897.00,1499.66,744
NY,NG,2024,4,13373.99,10159.00,18582.00,1604.41,720
NY,NG,2024,5,13691.80,10206.00,19471.00,1825.78,744
NY,NG,2024,6,15886.07,10153.00,26264.00,3519.68,720
NY,NG,2024,7,18026.45,10345.00,27099.00,3719.79,744
NY,NG,2024,8,16218.16,10565.00,25960.00,3074.88,744
NY,NG,2024,9,13938.96,10037.00,19817.00,1977.82,720
NY,NG,2024,10,13319.98,9902.00,17564.00,1737.13,744
NY,NG,2024,11,14120.59,10283.00,18690.00,1878.72,720
NY,NG,2024,12,15858.32,12051.00,19849.00,1651.76,744
NY,NG,2025,1,15950.42,11381.00,21654.00,1689.01,744
NY,NG,2025,2,15558.63,12341.00,20075.00,1594.91,672
NY,NG,2025,3,13788.36,10258.00,18935.00,1681.56,744
NY,NG,2025,4,13129.88,9930.00,18348.00,1587.34,720
NY,NG,2025,5,13131.11,8894.00,17388.00,1796.55,744
NY,NG,2025,6,15941.11,9862.00,28654.00,3815.80,720
NY,NG,2025,7,18986.68,10570.00,29346.00,3891.84,744
NY,NG,2025,8,16399.09,10148.00,26471.00,3633.05,744
NY,NG,2025,9,14163.18,9540.00,20515.00,2429.82,720
NY,NG,2025,10,13052.53,8914.00,18333.00,1968.17,744
NY,NG,2025,11,14427.19,10463.00,18470.00,1837.27,720
NY,NG,2025,12,16969.79,12663.00,22130.00,2049.11,744
NY,NG,2026,1,17127.97,12366.00,22982.00,2184.38,744
NY,NG,2026,2,16472.51,11897.00,23242.00,2130.83,672
NY,NG,2026,3,13895.82,9351.00,19100.00,1826.61,744
NY,NG,2026,4,13860.91,9887.00,19463.00,1899.45,720
NY,NG,2026,5,13495.46,9658.00,23606.00,2299.00,744
NY,NG,2026,6,15628.50,10188.00,24910.00,3125.49,720
NY,NG,2026,7,17456.03,11415.00,28201.00,3536.15,744
NY,NG,2026,8,17521.33,14168.00,20691.00,2606.58,21
NY,TI,2023,8,-2936.47,-4979.00,-827.00,683.54,685
NY,TI,2023,9,-2822.54,-4814.00,-1431.00,594.87,720
NY,TI,2023,10,-2244.28,-3889.00,-768.00,546.27,744
NY,TI,2023,11,-1444.99,-3002.00,131.00,561.86,720
NY,TI,2023,12,-2172.41,-4977.00,-554.00,642.19,744
NY,TI,2024,1,-2657.42,-5662.00,0.00,1195.48,744
NY,TI,2024,2,-1954.20,-3558.00,-70.00,592.58,696
NY,TI,2024,3,-2337.43,-4517.00,-250.00,756.01,744
NY,TI,2024,4,-1430.15,-2953.00,183.00,582.95,720
NY,TI,2024,5,-1587.37,-3693.00,449.00,745.71,744
NY,TI,2024,6,-3069.70,-5135.00,-664.00,675.68,720
NY,TI,2024,7,-3516.32,-5444.00,-376.00,839.31,744
NY,TI,2024,8,-3273.23,-5454.00,-1252.00,696.69,744
NY,TI,2024,9,-2571.90,-4470.00,-986.00,576.38,720
NY,TI,2024,10,-1711.91,-3051.00,207.00,544.28,744
NY,TI,2024,11,-1582.74,-3096.00,-142.00,603.76,720
NY,TI,2024,12,-2123.62,-5105.00,-31.00,965.36,744
NY,TI,2025,1,-3099.03,-5872.00,0.00,976.10,744
NY,TI,2025,2,-2789.13,-5488.00,-583.00,912.26,672
NY,TI,2025,3,-1953.50,-3517.00,-132.00,554.08,744
NY,TI,2025,4,-1765.61,-3530.00,-240.00,620.76,720
NY,TI,2025,5,-1686.91,-3922.00,444.00,736.57,744
NY,TI,2025,6,-2454.66,-5075.00,-278.00,875.66,720
NY,TI,2025,7,-2871.75,-5236.00,-388.00,834.14,744
NY,TI,2025,8,-1983.58,-3828.00,-46.00,662.71,744
NY,TI,2025,9,-2172.20,-3953.00,-49.00,723.25,720
NY,TI,2025,10,-1913.72,-3829.00,274.00,687.23,744
NY,TI,2025,11,-1692.64,-3268.00,-263.00,524.33,644
NY,TI,2025,12,-1740.80,-3192.00,64.00,628.55,685
NY,TI,2026,1,-2210.33,-4399.00,-373.00,622.90,744
NY,TI,2026,2,-2542.74,-4996.00,0.00,787.96,672
NY,TI,2026,3,-2219.58,-3750.00,-402.00,600.41,744
NY,TI,2026,4,-692.33,-2706.00,1014.00,700.36,696
NY,TI,2026,5,-1097.12,-3156.00,936.00,746.43,696
NY,TI,2026,6,-2131.82,-3830.00,197.00,622.55,720
NY,TI,2026,7,-2660.36,-4233.00,-515.00,605.95,744
NY,TI,2026,8,-2230.62,-3310.00,-1809.00,411.23,21
SE,D,2023,8,32944.26,22283.00,45558.00,6047.40,685
SE,D,2023,9,27616.03,18949.00,41064.00,5048.46,720
SE,D,2023,10,22934.46,17635.00,32441.00,3004.75,744
SE,D,2023,11,23690.48,18526.00,37371.00,3084.25,720
SE,D,2023,12,26088.65,17826.00,37890.00,3892.90,744
SE,D,2024,1,29354.24,19461.00,47368.00,5164.02,744
SE,D,2024,2,25327.21,18512.00,35691.00,2993.83,696
SE,D,2024,3,22768.60,17423.00,32063.00,2349.92,744
SE,D,2024,4,23321.47,17293.00,32727.00,3001.33,720
SE,D,2024,5,26840.38,18106.00,37828.00,4695.06,744
SE,D,2024,6,31423.18,20213.00,44882.00,6141.39,720
SE,D,2024,7,32354.16,23096.00,43671.00,5661.89,744
SE,D,2024,8,32843.72,21196.00,44593.00,6194.71,744
SE,D,2024,9,27439.26,17007.00,41384.00,5012.45,720
SE,D,2024,10,24166.40,17764.00,34864.00,3359.65,744
SE,D,2024,11,23847.60,18369.00,31331.00,2438.38,720
SE,D,2024,12,27042.38,18900.00,40210.00,3760.48,744
SE,D,2025,1,31621.48,20806.00,46490.00,5484.68,744
SE,D,2025,2,25566.87,18069.00,41499.00,3876.61,672
SE,D,2025,3,23406.60,17502.00,32294.00,2636.05,744
SE,D,2025,4,24323.70,18134.00,34921.00,3692.80,720
SE,D,2025,5,26115.63,17847.00,39775.00,4772.18,744
SE,D,2025,6,30035.78,18350.00,46372.00,5757.63,720
SE,D,2025,7,33529.46,21896.00,46250.00,6190.78,744
SE,D,2025,8,29901.23,19707.00,43997.00,5602.76,744
SE,D,2025,9,27867.13,16405.00,40928.00,5129.17,720
SE,D,2025,10,23934.01,12638.00,35567.00,3585.14,744
SE,D,2025,11,23487.47,11699.00,36309.00,2926.61,720
SE,D,2025,12,26975.45,17471.00,42776.00,4704.43,744
SE,D,2026,1,29182.42,19395.00,47809.00,5394.43,744
SE,D,2026,2,27223.90,19383.00,44850.00,4898.51,672
SE,D,2026,3,24293.34,18388.00,35748.00,3273.33,744
SE,D,2026,4,24719.19,17995.00,35674.00,3749.10,720
SE,D,2026,5,26355.13,18346.00,39399.00,4870.57,744
SE,D,2026,6,30853.56,20133.00,45328.00,5945.85,720
SE,D,2026,7,33563.19,20856.00,45328.00,5916.40,744
SE,D,2026,8,30130.03,24194.00,38192.00,4784.61,36
SE,DF,2023,8,32524.09,21452.00,45607.00,6450.39,685
SE,DF,2023,9,27132.27,18339.00,40632.00,5301.63,720
SE,DF,2023,10,22570.53,16663.00,33244.00,3309.70,744
SE,DF,2023,11,23427.85,17942.00,37246.00,3157.25,719
SE,DF,2023,12,25728.73,16896.00,37759.00,3907.48,744
SE,DF,2024,1,28932.59,18579.00,47010.00,5176.55,744
SE,DF,2024,2,24972.56,17904.00,35539.00,3080.29,696
SE,DF,2024,3,22457.67,16848.00,31904.00,2472.44,744
SE,DF,2024,4,22990.14,17142.00,32281.00,3086.32,720
SE,DF,2024,5,26415.58,17322.00,37412.00,4924.62,744
SE,DF,2024,6,30874.49,19208.00,44376.00,6369.94,720
SE,DF,2024,7,32016.62,22414.00,43652.00,5952.50,744
SE,DF,2024,8,32251.03,20060.00,44397.00,6546.02,744
SE,DF,2024,9,26875.58,16525.00,41087.00,5243.48,720
SE,DF,2024,10,23739.84,17220.00,34272.00,3595.89,744
SE,DF,2024,11,23617.91,18080.00,30874.00,2631.56,719
SE,DF,2024,12,26514.96,18072.00,39875.00,3798.47,744
SE,DF,2025,1,31367.39,20589.00,45913.00,5347.10,744
SE,DF,2025,2,25713.67,17872.00,43763.00,4404.50,672
SE,DF,2025,3,23206.20,17239.00,31978.00,2588.28,744
SE,DF,2025,4,24370.08,18333.00,34866.00,3684.62,720
SE,DF,2025,5,25937.67,17535.00,39932.00,4825.21,744
SE,DF,2025,6,30411.61,18178.00,45009.00,6051.17,720
SE,DF,2025,7,33728.24,21765.00,45818.00,6396.42,744
SE,DF,2025,8,29914.04,19511.00,43812.00,5659.23,744
SE,DF,2025,9,28262.11,19596.00,40822.00,5325.38,720
SE,DF,2025,10,23998.08,17523.00,33836.00,3413.58,744
SE,DF,2025,11,24317.76,18503.00,37035.00,2947.90,719
SE,DF,2025,12,27117.21,17736.00,41224.00,4359.06,744
SE,DF,2026,1,29489.66,19165.00,47112.00,5488.20,744
SE,DF,2026,2,27236.81,19261.00,47081.00,5220.16,672
SE,DF,2026,3,24021.88,18222.00,35303.00,3222.34,744
SE,DF,2026,4,24404.13,17828.00,35457.00,3649.21,696
SE,DF,2026,5,26072.72,18186.00,38911.00,4776.97,744
SE,DF,2026,6,30585.12,19949.00,44521.00,5862.39,720
SE,DF,2026,7,33683.94,23353.00,46000.00,6141.74,744
SE,DF,2026,8,29940.00,24069.00,37929.00,4859.89,36
SE,NG,2023,8,34456.93,22671.00,48616.00,6647.65,685
SE,NG,2023,9,28872.98,19784.00,44530.00,5692.53,720
SE,NG,2023,10,24150.75,18127.00,36244.00,3493.86,744
SE,NG,2023,11,25342.89,19959.00,38666.00,3024.23,720
SE,NG,2023,12,27028.07,18453.00,38225.00,3914.01,744
SE,NG,2024,1,30225.30,19963.00,47972.00,5013.44,744
SE,NG,2024,2,26182.90,19092.00,36955.00,3089.25,696
SE,NG,2024,3,23767.76,18513.00,32726.00,2493.27,744
SE,NG,2024,4,24705.58,18143.00,34282.00,3292.53,720
SE,NG,2024,5,28506.56,19487.00,40832.00,5245.53,744
SE,NG,2024,6,32821.56,20696.00,47933.00,6816.63,720
SE,NG,2024,7,34570.01,24662.00,47996.00,6389.86,744
SE,NG,2024,8,34838.40,21935.00,49260.00,6961.57,744
SE,NG,2024,9,28821.74,17619.00,42980.00,5492.86,720
SE,NG,2024,10,25655.11,18733.00,37283.00,3732.43,744
SE,NG,2024,11,25397.39,19382.00,32835.00,2747.45,720
SE,NG,2024,12,28245.61,19902.00,41413.00,3988.39,744
SE,NG,2025,1,32565.77,21316.00,48227.00,5577.61,744
SE,NG,2025,2,26991.36,18575.00,44468.00,4485.20,672
SE,NG,2025,3,24277.67,17925.00,34528.00,2896.50,744
SE,NG,2025,4,26066.99,19006.00,36567.00,3776.87,720
SE,NG,2025,5,27148.55,18504.00,41561.00,5129.22,744
SE,NG,2025,6,31604.90,18841.00,50471.00,6450.89,720
SE,NG,2025,7,35569.93,22744.00,49831.00,7008.92,744
SE,NG,2025,8,31906.61,20528.00,46999.00,6293.12,744
SE,NG,2025,9,28830.47,16813.00,40857.00,5558.95,720
SE,NG,2025,10,25902.41,15818.00,36929.00,3717.18,744
SE,NG,2025,11,25909.91,14466.00,38910.00,2994.79,720
SE,NG,2025,12,28988.91,18111.00,45999.00,5091.12,744
SE,NG,2026,1,30342.63,19587.00,49372.00,5522.95,744
SE,NG,2026,2,28394.13,19825.00,48932.00,5370.34,672
SE,NG,2026,3,25492.15,19056.00,37443.00,3312.41,744
SE,NG,2026,4,26084.22,35.00,37728.00,4144.14,720
SE,NG,2026,5,27791.88,19122.00,43761.00,5450.27,744
SE,NG,2026,6,32552.30,20999.00,48468.00,6724.42,720
SE,NG,2026,7,35474.12,22436.00,48962.00,6697.90,744
SE,NG,2026,8,31943.91,24788.00,39388.00,5480.27,22
SE,TI,2023,8,1466.90,-1364.00,3848.00,1024.23,685
SE,TI,2023,9,1220.12,-706.00,4778.00,893.73,720
SE,TI,2023,10,1215.90,-278.00,3875.00,672.67,744
SE,TI,2023,11,1613.36,-226.00,3169.00,591.71,720
SE,TI,2023,12,886.56,-1046.00,2541.00,613.68,744
SE,TI,2024,1,855.24,-1432.00,3244.00,746.61,744
SE,TI,2024,2,853.10,-176.00,1932.00,436.05,696
SE,TI,2024,3,985.09,-304.00,2586.00,563.50,744
SE,TI,2024,4,1383.20,-157.00,3253.00,587.59,720
SE,TI,2024,5,1664.32,-208.00,4050.00,824.41,744
SE,TI,2024,6,1367.13,-1144.00,4175.00,954.95,720
SE,TI,2024,7,2180.64,-112.00,5396.00,988.93,744
SE,TI,2024,8,1917.62,-298.00,5336.00,1129.68,744
SE,TI,2024,9,1311.14,-274.00,4022.00,861.93,720
SE,TI,2024,10,1461.11,-224.00,3653.00,699.23,744
SE,TI,2024,11,1504.68,-147.00,3524.00,645.27,720
SE,TI,2024,12,1174.43,-265.00,3137.00,564.22,744
SE,TI,2025,1,908.86,-517.00,2697.00,535.67,744
SE,TI,2025,2,1402.99,-68.00,4467.00,891.78,672
SE,TI,2025,3,850.41,-1032.00,2551.00,628.65,744
SE,TI,2025,4,1743.05,75.00,3275.00,630.08,720
SE,TI,2025,5,1073.41,-377.00,3720.00,710.00,744
SE,TI,2025,6,1697.32,95.00,5309.00,1039.48,720
SE,TI,2025,7,2286.06,-249.00,5825.00,1260.18,744
SE,TI,2025,8,2108.69,-177.00,5350.00,1163.54,744
SE,TI,2025,9,1048.66,-1000.00,3564.00,816.65,720
SE,TI,2025,10,1954.52,108.00,4041.00,644.22,744
SE,TI,2025,11,2183.07,-297.00,4019.00,868.11,720
SE,TI,2025,12,1873.00,-295.00,4222.00,939.25,744
SE,TI,2026,1,1224.66,-1830.00,4296.00,795.69,744
SE,TI,2026,2,1123.13,-500.00,4960.00,839.63,672
SE,TI,2026,3,1152.35,-203.00,3264.00,510.14,744
SE,TI,2026,4,1380.64,-184.00,3601.00,667.20,720
SE,TI,2026,5,1392.86,-327.00,4544.00,921.78,744
SE,TI,2026,6,1651.05,-237.00,5224.00,1155.90,720
SE,TI,2026,7,1913.84,-342.00,4418.00,1113.11,744
SE,TI,2026,8,918.45,400.00,1376.00,302.27,22
SW,D,2023,8,17796.19,11580.00,25197.00,3455.03,685
SW,D,2023,9,14867.36,10236.00,23433.00,2997.55,720
SW,D,2023,10,12261.05,8908.00,18348.00,2278.33,744
SW,D,2023,11,10461.23,7620.00,14970.00,1076.78,720
SW,D,2023,12,10988.34,8016.00,13658.00,902.10,744
SW,D,2024,1,11669.10,9039.00,17230.00,1339.19,744
SW,D,2024,2,10845.94,8877.00,14425.00,1077.42,696
SW,D,2024,3,10486.21,8853.00,16440.00,878.50,744
SW,D,2024,4,10930.55,8560.00,16431.00,1572.05,720
SW,D,2024,5,12848.47,9189.00,20173.00,2471.40,744
SW,D,2024,6,17093.48,10581.00,24096.00,3638.87,720
SW,D,2024,7,18744.76,13159.00,25334.00,3491.21,744
SW,D,2024,8,17977.46,12048.00,25469.00,3353.16,744
SW,D,2024,9,15972.35,10240.00,24103.00,3332.58,720
SW,D,2024,10,13298.88,9206.00,22306.00,3041.28,744
SW,D,2024,11,10692.80,9200.00,12706.00,828.27,720
SW,D,2024,12,11185.86,9105.00,13862.00,893.28,744
SW,D,2025,1,12088.81,9608.00,15938.00,1216.53,744
SW,D,2025,2,11524.71,9794.00,18401.00,998.64,672
SW,D,2025,3,11498.63,9266.00,16008.00,1179.50,744
SW,D,2025,4,11822.30,8840.00,17072.00,1705.62,720
SW,D,2025,5,13550.02,9894.00,20397.00,2484.54,744
SW,D,2025,6,16780.55,10887.00,25641.00,3580.93,720
SW,D,2025,7,18121.27,12260.00,26662.00,3324.34,744
SW,D,2025,8,19050.13,13031.00,27320.00,3510.27,744
SW,D,2025,9,16379.57,11099.00,22897.00,2834.58,720
SW,D,2025,10,12987.86,9719.00,19577.00,1910.67,744
SW,D,2025,11,11849.89,9933.00,14919.00,1118.97,720
SW,D,2025,12,12007.28,10231.00,14482.00,896.82,744
SW,D,2026,1,12309.13,10273.00,15178.00,1022.79,744
SW,D,2026,2,11956.22,8960.00,14623.00,1035.84,672
SW,D,2026,3,12689.77,9491.00,19292.00,2126.16,744
SW,D,2026,4,11836.20,7498.00,16642.00,1692.99,720
SW,D,2026,5,13248.61,8979.00,21789.00,2521.60,744
SW,D,2026,6,17531.26,10826.00,25857.00,3513.03,720
SW,D,2026,7,19176.28,8823.00,27421.00,3716.71,744
SW,D,2026,8,20068.47,16186.00,25862.00,3317.87,36
SW,DF,2023,8,17531.54,-37920.00,24387.00,3974.94,685
SW,DF,2023,9,14691.12,10268.00,22679.00,2961.78,720
SW,DF,2023,10,12094.86,8443.00,17897.00,2212.79,744
SW,DF,2023,11,10252.98,3434.00,13032.00,1087.87,720
SW,DF,2023,12,10812.19,-18812.00,13027.00,1389.05,744
SW,DF,2024,1,11420.51,9172.00,15643.00,1231.40,744
SW,DF,2024,2,11382.10,8752.00,143435.00,7996.72,696
SW,DF,2024,3,9891.49,5548.00,12256.00,1217.37,744
SW,DF,2024,4,10832.60,8340.00,15785.00,1547.65,720
SW,DF,2024,5,12549.51,-51484.00,19592.00,3329.73,744
SW,DF,2024,6,17382.51,-18368.00,184176.00,9143.12,720
SW,DF,2024,7,18612.77,10595.00,86689.00,4266.89,744
SW,DF,2024,8,17811.39,12236.00,24850.00,3294.72,744
SW,DF,2024,9,15468.08,10069.00,22538.00,3102.94,720
SW,DF,2024,10,13076.67,8615.00,21753.00,2963.44,744
SW,DF,2024,11,10421.65,8934.00,12399.00,873.29,720
SW,DF,2024,12,10853.77,8625.00,13574.00,912.03,744
SW,DF,2025,1,11734.82,8892.00,15609.00,1279.48,744
SW,DF,2025,2,10617.95,8513.00,13117.00,1031.28,672
SW,DF,2025,3,10835.53,8593.00,15435.00,1210.43,744
SW,DF,2025,4,11486.52,8950.00,16427.00,1674.12,720
SW,DF,2025,5,12266.94,7163.00,19995.00,2695.61,744
SW,DF,2025,6,16221.66,6897.00,25082.00,3712.56,720
SW,DF,2025,7,17830.76,11895.00,25835.00,3499.83,744
SW,DF,2025,8,18328.50,9606.00,26961.00,3776.41,744
SW,DF,2025,9,15726.58,10810.00,22603.00,2954.09,720
SW,DF,2025,10,12274.97,6386.00,18624.00,2187.97,744
SW,DF,2025,11,11021.41,7000.00,14649.00,1382.78,720
SW,DF,2025,12,11319.67,9059.00,13356.00,904.20,744
SW,DF,2026,1,11578.58,9406.00,14398.00,1018.13,744
SW,DF,2026,2,11282.51,9090.00,14388.00,1054.56,672
SW,DF,2026,3,12306.00,8522.00,18867.00,2155.51,744
SW,DF,2026,4,12106.04,6599.00,16721.00,1954.39,720
SW,DF,2026,5,13353.47,7190.00,21757.00,2814.66,744
SW,DF,2026,6,16168.22,4951.00,25325.00,4404.73,720
SW,DF,2026,7,18880.40,8813.00,27548.00,4140.01,744
SW,DF,2026,8,20046.25,15692.00,27427.00,3826.53,36
SW,NG,2023,8,18681.95,14125.00,23974.00,2481.89,685
SW,NG,2023,9,17043.26,11945.00,23995.00,2337.44,720
SW,NG,2023,10,14586.94,9454.00,20854.00,2003.48,744
SW,NG,2023,11,12927.33,8020.00,17424.00,1533.84,720
SW,NG,2023,12,13884.70,10347.00,16492.00,1117.36,744
SW,NG,2024,1,14618.65,11031.00,21512.00,1366.10,744
SW,NG,2024,2,14054.58,10533.00,17265.00,1503.39,696
SW,NG,2024,3,13135.57,9343.00,18757.00,1592.76,744
SW,NG,2024,4,12603.35,8922.00,16301.00,1597.77,720
SW,NG,2024,5,13853.13,9396.00,19968.00,1952.12,744
SW,NG,2024,6,17563.14,11846.00,23362.00,2744.64,720
SW,NG,2024,7,19109.63,14425.00,24253.00,2552.15,744
SW,NG,2024,8,18641.62,13388.00,24204.00,2418.25,744
SW,NG,2024,9,17422.97,12444.00,25272.00,2593.94,720
SW,NG,2024,10,15235.54,10339.00,22294.00,2470.30,744
SW,NG,2024,11,13187.71,9633.00,17180.00,1376.29,720
SW,NG,2024,12,14153.06,11131.00,17221.00,997.89,744
SW,NG,2025,1,14192.81,11198.00,18294.00,1296.00,744
SW,NG,2025,2,13686.97,11294.00,20706.00,1300.54,672
SW,NG,2025,3,13036.42,9871.00,16344.00,1294.91,744
SW,NG,2025,4,11888.86,8488.00,15968.00,1569.97,720
SW,NG,2025,5,14007.72,9273.00,20314.00,2257.46,744
SW,NG,2025,6,17153.16,11786.00,24147.00,2987.82,720
SW,NG,2025,7,18407.71,13053.00,25402.00,2909.49,744
SW,NG,2025,8,19636.19,13668.00,25217.00,2746.05,744
SW,NG,2025,9,17920.12,12918.00,23737.00,2472.24,720
SW,NG,2025,10,14357.54,9923.00,20834.00,1887.29,744
SW,NG,2025,11,13488.80,7839.00,17094.00,1350.58,720
SW,NG,2025,12,14188.21,11046.00,17389.00,1185.48,744
SW,NG,2026,1,14236.01,10152.00,18162.00,1328.20,744
SW,NG,2026,2,14021.30,10549.00,18263.00,1472.04,672
SW,NG,2026,3,13276.11,9870.00,17754.00,1735.86,744
SW,NG,2026,4,13092.15,6704.00,17543.00,1807.92,720
SW,NG,2026,5,14739.28,9998.00,20609.00,2323.09,744
SW,NG,2026,6,18215.92,11327.00,25717.00,3130.66,720
SW,NG,2026,7,20087.15,13131.00,26676.00,3308.98,744
SW,NG,2026,8,21085.42,15781.00,26490.00,3540.01,24
SW,TI,2023,8,882.15,-2570.00,4682.00,1538.61,685
SW,TI,2023,9,2161.96,-1592.00,5578.00,1684.45,720
SW,TI,2023,10,2312.66,-1894.00,5649.00,1612.91,744
SW,TI,2023,11,2459.08,-497.00,4946.00,1223.86,720
SW,TI,2023,12,2890.38,243.00,5350.00,873.02,744
SW,TI,2024,1,2931.97,364.00,4977.00,754.79,744
SW,TI,2024,2,3188.40,-27.00,5632.00,1044.30,696
SW,TI,2024,3,2427.31,-2148.00,5619.00,1542.90,744
SW,TI,2024,4,1666.12,-2459.00,4640.00,1516.73,720
SW,TI,2024,5,993.07,-3078.00,4347.00,1612.88,744
SW,TI,2024,6,466.36,-3385.00,4196.00,1578.13,720
SW,TI,2024,7,365.85,-3503.00,3488.00,1300.82,744
SW,TI,2024,8,630.83,-3109.00,3394.00,1301.10,744
SW,TI,2024,9,1445.16,-1992.00,3918.00,1212.92,720
SW,TI,2024,10,1931.22,-1598.00,4806.00,1158.85,744
SW,TI,2024,11,2484.75,-243.00,4994.00,1024.82,720
SW,TI,2024,12,2958.36,-323.00,4787.00,703.96,744
SW,TI,2025,1,2093.01,-1500.00,4570.00,985.54,744
SW,TI,2025,2,2161.51,254.00,3954.00,713.77,672
SW,TI,2025,3,1551.05,-1462.00,3535.00,813.95,744
SW,TI,2025,4,125.86,-3785.00,2262.00,914.47,720
SW,TI,2025,5,904.77,-3064.00,4381.00,1209.45,744
SW,TI,2025,6,424.43,-4176.00,3048.00,1254.95,720
SW,TI,2025,7,499.18,-2983.00,3342.00,1040.81,744
SW,TI,2025,8,842.21,-2430.00,4143.00,1136.91,744
SW,TI,2025,9,1741.48,-634.00,3868.00,864.48,720
SW,TI,2025,10,1444.02,-1968.00,3873.00,992.03,744
SW,TI,2025,11,1546.28,-1583.00,3474.00,946.69,695
SW,TI,2025,12,2246.15,-114.00,4105.00,674.91,727
SW,TI,2026,1,2032.00,-169.00,4209.00,851.58,744
SW,TI,2026,2,2221.17,-362.00,5022.00,785.27,672
SW,TI,2026,3,741.92,-2879.00,3135.00,1094.50,744
SW,TI,2026,4,1210.17,-1433.00,3654.00,976.17,720
SW,TI,2026,5,1466.23,-3150.00,4541.00,1378.45,744
SW,TI,2026,6,1265.97,-2465.00,5479.00,1569.28,720
SW,TI,2026,7,921.89,-2991.00,4885.00,1493.36,744
SW,TI,2026,8,361.92,-741.00,1923.00,784.26,24
TEN,D,2023,8,21262.19,13866.00,31846.00,4227.32,685
TEN,D,2023,9,18412.65,12459.00,27250.00,3508.21,720
TEN,D,2023,10,15907.59,11921.00,24088.00,2233.14,744
TEN,D,2023,11,16916.13,12809.00,26041.00,2286.25,720
TEN,D,2023,12,18386.76,12138.00,26034.00,2604.01,744
TEN,D,2024,1,22141.11,14191.00,34376.00,4250.98,744
TEN,D,2024,2,17975.44,13300.00,25582.00,2178.26,696
TEN,D,2024,3,16199.82,12088.00,23880.00,1731.72,744
TEN,D,2024,4,16147.55,12388.00,21592.00,1924.47,720
TEN,D,2024,5,17696.18,12098.00,25728.00,3038.44,744
TEN,D,2024,6,21062.48,13206.00,30685.00,4457.67,720
TEN,D,2024,7,21915.90,14846.00,30398.00,4166.07,744
TEN,D,2024,8,21798.69,13927.00,30926.00,4536.26,744
TEN,D,2024,9,18455.13,12342.00,27270.00,3468.19,720
TEN,D,2024,10,16450.13,12310.00,23939.00,2280.16,744
TEN,D,2024,11,16595.40,12525.00,23388.00,1932.24,720
TEN,D,2024,12,19254.14,12884.00,29209.00,3133.83,744
TEN,D,2025,1,23240.87,15013.00,35086.00,3754.11,744
TEN,D,2025,2,19879.55,13752.00,32086.00,3891.55,672
TEN,D,2025,3,16823.99,12456.00,24195.00,2036.05,744
TEN,D,2025,4,16847.45,12299.00,24298.00,2243.51,720
TEN,D,2025,5,17123.34,12430.00,24896.00,2721.80,744
TEN,D,2025,6,21172.39,12891.00,31240.00,4227.64,720
TEN,D,2025,7,23740.59,15148.00,31702.00,4496.78,744
TEN,D,2025,8,21414.47,13569.00,32126.00,4350.13,744
TEN,D,2025,9,19241.99,12900.00,27191.00,3596.97,720
TEN,D,2025,10,16788.74,12703.00,25560.00,2304.12,744
TEN,D,2025,11,17328.90,12917.00,25943.00,2200.38,720
TEN,D,2025,12,20216.69,11933.00,32387.00,3630.23,744
TEN,D,2026,1,22040.48,13585.00,32685.00,4144.63,744
TEN,D,2026,2,20197.03,13885.00,31073.00,3768.74,672
TEN,D,2026,3,16909.20,12629.00,25711.00,2260.54,744
TEN,D,2026,4,16903.49,12470.00,23136.00,2408.44,720
TEN,D,2026,5,18011.19,12904.00,27347.00,3217.80,744
TEN,D,2026,6,21081.64,14223.00,31685.00,4067.06,720
TEN,D,2026,7,23057.00,15495.00,32553.00,4251.72,744
TEN,D,2026,8,19971.47,15926.00,25955.00,3188.18,36
TEN,DF,2023,8,21419.78,14146.00,32032.00,4244.29,685
TEN,DF,2023,9,18535.43,12670.00,27351.00,3488.34,720
TEN,DF,2023,10,16140.52,11919.00,24805.00,2383.51,744
TEN,DF,2023,11,16937.03,12760.00,25478.00,2300.94,720
TEN,DF,2023,12,18518.82,12225.00,27003.00,2616.44,744
TEN,DF,2024,1,22304.77,14321.00,36125.00,4414.59,744
TEN,DF,2024,2,18211.83,13557.00,26008.00,2239.07,696
TEN,DF,2024,3,16375.48,12569.00,23811.00,1763.02,744
TEN,DF,2024,4,16275.63,12459.00,22298.00,1959.66,720
TEN,DF,2024,5,17858.60,12405.00,25647.00,3076.38,744
TEN,DF,2024,6,21140.27,13054.00,31004.00,4548.18,720
TEN,DF,2024,7,22171.38,14795.00,31723.00,4326.41,744
TEN,DF,2024,8,22070.93,13972.00,31922.00,4620.64,744
TEN,DF,2024,9,18550.59,12593.00,27031.00,3511.95,720
TEN,DF,2024,10,16537.18,12267.00,23557.00,2276.55,744
TEN,DF,2024,11,16796.19,12597.00,23513.00,2029.01,720
TEN,DF,2024,12,19365.15,12780.00,28592.00,3221.30,744
TEN,DF,2025,1,23673.08,15231.00,35847.00,3763.65,744
TEN,DF,2025,2,20125.62,13868.00,34473.00,4224.53,672
TEN,DF,2025,3,17001.71,12599.00,24667.00,1979.20,744
TEN,DF,2025,4,17014.96,12406.00,24184.00,2350.92,720
TEN,DF,2025,5,17270.59,12387.00,24675.00,2764.15,744
TEN,DF,2025,6,21452.74,12959.00,31954.00,4343.29,720
TEN,DF,2025,7,24082.32,15654.00,33414.00,4636.01,744
TEN,DF,2025,8,21706.62,13919.00,32485.00,4453.15,744
TEN,DF,2025,9,19585.33,12970.00,28303.00,3827.99,720
TEN,DF,2025,10,17009.39,12775.00,25077.00,2385.96,744
TEN,DF,2025,11,17462.80,12895.00,26174.00,2342.57,720
TEN,DF,2025,12,20474.36,12457.00,32612.00,3646.26,744
TEN,DF,2026,1,22613.59,13581.00,34262.00,4496.77,744
TEN,DF,2026,2,20329.76,13967.00,32551.00,3807.16,672
TEN,DF,2026,3,17029.45,12924.00,24445.00,2102.25,671
TEN,DF,2026,4,17250.88,12519.00,24573.00,2607.40,649
TEN,DF,2026,5,18010.09,12503.00,27730.00,3101.90,696
TEN,DF,2026,6,21388.16,14308.00,32693.00,4262.76,720
TEN,DF,2026,7,23339.35,15554.00,32827.00,4429.13,720
TEN,DF,2026,8,20231.31,15791.00,26052.00,3404.76,36
TEN,NG,2023,8,20659.74,13823.00,27546.00,3485.14,685
TEN,NG,2023,9,18148.58,12589.00,26103.00,3176.46,720
TEN,NG,2023,10,15768.18,11782.00,21575.00,1932.68,744
TEN,NG,2023,11,16024.24,12060.00,23616.00,2022.80,720
TEN,NG,2023,12,18061.93,11862.00,25407.00,2453.58,744
TEN,NG,2024,1,21219.80,14478.00,30478.00,3287.23,744
TEN,NG,2024,2,17679.87,12780.00,24882.00,2082.65,696
TEN,NG,2024,3,15494.72,11431.00,22665.00,1765.64,744
TEN,NG,2024,4,14953.59,11180.00,18731.00,1624.72,720
TEN,NG,2024,5,17312.54,12066.00,23949.00,2828.26,744
TEN,NG,2024,6,20315.64,12989.00,27773.00,3824.73,720
TEN,NG,2024,7,20525.71,14439.00,28077.00,3551.80,744
TEN,NG,2024,8,20349.73,13980.00,28264.00,3795.15,744
TEN,NG,2024,9,17521.82,12427.00,24225.00,2834.12,720
TEN,NG,2024,10,15795.15,11966.00,22528.00,2243.69,744
TEN,NG,2024,11,15809.33,11853.00,20788.00,1765.29,720
TEN,NG,2024,12,18629.23,12580.00,25793.00,2528.15,744
TEN,NG,2025,1,21901.73,14626.00,29321.00,3160.83,744
TEN,NG,2025,2,18568.17,13259.00,25673.00,2656.18,672
TEN,NG,2025,3,16120.41,11433.00,21892.00,1856.87,744
TEN,NG,2025,4,14894.73,11362.00,21047.00,1766.05,720
TEN,NG,2025,5,16908.93,12093.00,22520.00,2510.18,744
TEN,NG,2025,6,20114.23,12904.00,26669.00,3512.51,720
TEN,NG,2025,7,22073.21,14977.00,27824.00,3503.75,744
TEN,NG,2025,8,20164.56,13223.00,27410.00,3525.32,744
TEN,NG,2025,9,18841.69,13418.00,24764.00,3124.95,720
TEN,NG,2025,10,16350.50,11870.00,24352.00,2189.15,744
TEN,NG,2025,11,16704.33,12035.00,22886.00,1887.47,720
TEN,NG,2025,12,19500.96,11286.00,28313.00,3278.70,744
TEN,NG,2026,1,21183.22,13664.00,29774.00,3455.11,744
TEN,NG,2026,2,19666.39,13575.00,27889.00,3209.00,672
TEN,NG,2026,3,16411.32,12414.00,24513.00,2060.51,744
TEN,NG,2026,4,15679.79,11320.00,20460.00,2049.14,720
TEN,NG,2026,5,17610.57,12948.00,25360.00,2773.96,744
TEN,NG,2026,6,19856.85,13931.00,27110.00,3264.85,720
TEN,NG,2026,7,21741.76,14828.00,28829.00,3552.51,744
TEN,NG,2026,8,21231.14,16762.00,26075.00,3308.11,22
TEN,TI,2023,8,-603.74,-4740.00,878.00,1068.00,685
TEN,TI,2023,9,-268.55,-2973.00,636.00,635.07,720
TEN,TI,2023,10,-145.86,-2738.00,1018.00,607.88,744
TEN,TI,2023,11,-898.28,-2758.00,-130.00,463.46,719
TEN,TI,2023,12,-331.99,-2129.00,681.00,433.03,744
TEN,TI,2024,1,-914.69,-5572.00,938.00,1172.01,744
TEN,TI,2024,2,-300.44,-1958.00,734.00,389.32,696
TEN,TI,2024,3,-709.26,-1581.00,2.00,334.25,744
TEN,TI,2024,4,-1199.06,-3027.00,426.00,667.13,720
TEN,TI,2024,5,-387.32,-3235.00,1049.00,741.70,744
TEN,TI,2024,6,-750.52,-3665.00,671.00,904.63,720
TEN,TI,2024,7,-1387.39,-5532.00,280.00,1045.74,744
TEN,TI,2024,8,-1452.65,-6100.00,282.00,1205.92,744
TEN,TI,2024,9,-936.98,-5419.00,850.00,1024.48,720
TEN,TI,2024,10,-658.63,-2345.00,783.00,399.36,744
TEN,TI,2024,11,-789.75,-2707.00,260.00,490.03,719
TEN,TI,2024,12,-629.01,-3457.00,767.00,914.93,744
TEN,TI,2025,1,-1343.01,-5917.00,706.00,1101.35,744
TEN,TI,2025,2,-1315.25,-8023.00,706.00,1515.85,672
TEN,TI,2025,3,-707.36,-2945.00,869.00,680.91,744
TEN,TI,2025,4,-1955.68,-5281.00,-354.00,848.00,720
TEN,TI,2025,5,-213.15,-2583.00,901.00,629.06,744
TEN,TI,2025,6,-1015.08,-5842.00,983.00,1235.17,720
TEN,TI,2025,7,-1637.90,-4546.00,462.00,1231.84,744
TEN,TI,2025,8,-1190.99,-5231.00,324.00,1096.04,744
TEN,TI,2025,9,-348.63,-3286.00,965.00,801.74,720
TEN,TI,2025,10,-402.64,-1998.00,726.00,486.18,744
TEN,TI,2025,11,-603.88,-3063.00,635.00,670.65,669
TEN,TI,2025,12,-677.51,-4473.00,672.00,706.10,709
TEN,TI,2026,1,-810.20,-3766.00,828.00,969.92,744
TEN,TI,2026,2,-467.94,-3492.00,705.00,800.10,672
TEN,TI,2026,3,-218.85,-1665.00,690.00,402.84,648
TEN,TI,2026,4,-1162.20,-4163.00,657.00,899.54,672
TEN,TI,2026,5,-302.91,-4108.00,619.00,676.37,696
TEN,TI,2026,6,-1108.92,-4615.00,481.00,990.55,720
TEN,TI,2026,7,-1142.87,-4866.00,699.00,1066.58,720
TEN,TI,2026,8,19.95,-371.00,265.00,208.33,22
TEX,D,2023,8,67812.05,46980.00,85432.00,10948.96,685
TEX,D,2023,9,59969.91,41615.00,84185.00,10440.43,720
TEX,D,2023,10,47874.70,34878.00,71555.00,7305.81,744
TEX,D,2023,11,43806.73,35496.00,56881.00,4059.33,720
TEX,D,2023,12,44869.93,36305.00,57234.00,3416.47,744
TEX,D,2024,1,51449.17,38245.00,78155.00,8573.98,744
TEX,D,2024,2,44197.57,36236.00,56182.00,4089.88,696
TEX,D,2024,3,43584.53,36190.00,55317.00,3915.95,744
TEX,D,2024,4,46735.00,36345.00,64254.00,5856.03,720
TEX,D,2024,5,54008.97,37331.00,77120.00,8623.00,744
TEX,D,2024,6,62066.84,43294.00,80080.00,9771.85,720
TEX,D,2024,7,60185.29,39901.00,81200.00,9838.18,744
TEX,D,2024,8,66557.66,48667.00,85544.00,10583.85,744
TEX,D,2024,9,57289.59,40273.00,77929.00,9101.93,720
TEX,D,2024,10,53165.79,38523.00,72671.00,8457.94,744
TEX,D,2024,11,46951.39,38097.00,60936.00,4804.87,720
TEX,D,2024,12,46893.57,38229.00,60232.00,3707.55,744
TEX,D,2025,1,54347.85,39043.00,77426.00,8106.10,744
TEX,D,2025,2,51551.29,38678.00,80150.00,8409.78,672
TEX,D,2025,3,46698.52,38476.00,62827.00,4662.87,744
TEX,D,2025,4,50746.82,38777.00,65585.00,6208.66,720
TEX,D,2025,5,55377.47,38359.00,78327.00,9324.76,744
TEX,D,2025,6,62747.31,44542.00,77295.00,9030.81,720
TEX,D,2025,7,64320.26,47510.00,81707.00,9476.61,744
TEX,D,2025,8,66385.79,49402.00,83597.00,9877.77,744
TEX,D,2025,9,61086.91,43590.00,79872.00,9772.57,720
TEX,D,2025,10,55050.94,40448.00,75866.00,8792.73,744
TEX,D,2025,11,49382.25,39016.00,64759.00,5355.74,720
TEX,D,2025,12,50589.38,41332.00,63114.00,4335.71,744
TEX,D,2026,1,53519.80,41017.00,75599.00,7263.66,744
TEX,D,2026,2,49329.34,40134.00,69605.00,4672.87,672
TEX,D,2026,3,51024.10,40699.00,66476.00,5903.74,744
TEX,D,2026,4,52636.10,39711.00,74692.00,7020.64,720
TEX,D,2026,5,56270.53,40635.00,77793.00,8706.36,744
TEX,D,2026,6,65609.13,47840.00,82591.00,9258.95,720
TEX,D,2026,7,69231.63,51673.00,91075.00,10474.17,744
TEX,D,2026,8,66749.00,53900.00,82665.00,9342.12,36
TEX,DF,2023,8,68356.99,47536.00,86895.00,11336.73,685
TEX,DF,2023,9,59960.40,43300.00,84912.00,10647.64,720
TEX,DF,2023,10,48265.11,34441.00,71109.00,7838.11,744
TEX,DF,2023,11,43902.66,34682.00,56956.00,4293.45,720
TEX,DF,2023,12,44193.78,30771.00,56250.00,3806.02,744
TEX,DF,2024,1,51632.56,39397.00,87055.00,8752.09,744
TEX,DF,2024,2,44687.65,35130.00,57603.00,4436.56,696
TEX,DF,2024,3,43867.16,35502.00,56484.00,4069.45,744
TEX,DF,2024,4,46753.91,36165.00,62543.00,6050.24,720
TEX,DF,2024,5,54546.53,39499.00,76098.00,8712.57,744
TEX,DF,2024,6,61664.08,43750.00,82086.00,9838.08,720
TEX,DF,2024,7,60871.71,43637.00,83122.00,10155.41,744
TEX,DF,2024,8,66613.73,47563.00,86594.00,10714.94,744
TEX,DF,2024,9,57158.47,40268.00,80414.00,9358.32,720
TEX,DF,2024,10,53128.14,38026.00,72034.00,8507.64,744
TEX,DF,2024,11,47047.81,38312.00,58212.00,4583.29,720
TEX,DF,2024,12,47264.42,38715.00,59667.00,3785.35,744
TEX,DF,2025,1,55269.27,39971.00,77923.00,8201.86,744
TEX,DF,2025,2,52319.07,39129.00,83413.00,8344.56,672
TEX,DF,2025,3,47204.08,38443.00,62112.00,4803.04,744
TEX,DF,2025,4,51285.56,39018.00,65810.00,6499.91,720
TEX,DF,2025,5,55774.46,37490.00,81415.00,9692.42,744
TEX,DF,2025,6,62942.84,45355.00,80329.00,9443.65,720
TEX,DF,2025,7,64843.75,46505.00,84598.00,10082.78,744
TEX,DF,2025,8,67128.24,49663.00,85282.00,10116.56,744
TEX,DF,2025,9,61801.86,43589.00,83848.00,9917.20,720
TEX,DF,2025,10,55979.59,41741.00,76769.00,8532.44,744
TEX,DF,2025,11,50236.01,40360.00,66254.00,5534.53,720
TEX,DF,2025,12,51277.44,41225.00,67934.00,4708.43,696
TEX,DF,2026,1,54457.32,41350.00,85215.00,8158.89,744
TEX,DF,2026,2,49479.30,40618.00,67851.00,4542.65,672
TEX,DF,2026,3,51066.08,40504.00,66404.00,6056.80,744
TEX,DF,2026,4,52516.49,39950.00,73982.00,7066.94,720
TEX,DF,2026,5,56462.76,39381.00,77947.00,8763.57,744
TEX,DF,2026,6,65498.83,47970.00,84712.00,9589.28,720
TEX,DF,2026,7,69303.39,50597.00,91470.00,10881.27,744
TEX,DF,2026,8,69120.36,55932.00,87519.00,10453.56,36
TEX,NG,2023,8,67390.94,46694.00,84618.00,10715.96,685
TEX,NG,2023,9,59699.54,41444.00,83370.00,10237.72,720
TEX,NG,2023,10,47797.97,34824.00,71336.00,7246.86,744
TEX,NG,2023,11,43728.47,35347.00,56638.00,4103.74,720
TEX,NG,2023,12,44861.08,36090.00,56451.00,3428.17,744
TEX,NG,2024,1,51534.63,38849.00,77374.00,8479.04,744
TEX,NG,2024,2,44265.38,36259.00,55940.00,4073.79,696
TEX,NG,2024,3,43557.08,36414.00,54358.00,3877.49,744
TEX,NG,2024,4,46812.10,36296.00,64188.00,5828.73,720
TEX,NG,2024,5,54039.25,37400.00,76401.00,8614.44,744
TEX,NG,2024,6,62005.12,43253.00,80242.00,9783.96,720
TEX,NG,2024,7,60263.42,40029.00,81438.00,9854.81,744
TEX,NG,2024,8,66520.32,48715.00,85000.00,10529.33,744
TEX,NG,2024,9,57248.00,39920.00,78126.00,9222.88,720
TEX,NG,2024,10,53223.93,38495.00,73229.00,8525.19,744
TEX,NG,2024,11,46903.46,38216.00,60767.00,4794.41,720
TEX,NG,2024,12,46858.91,38010.00,60223.00,3724.62,744
TEX,NG,2025,1,54380.62,39457.00,77574.00,8096.73,744
TEX,NG,2025,2,51554.90,38458.00,79960.00,8409.18,672
TEX,NG,2025,3,46706.63,38321.00,62826.00,4686.70,744
TEX,NG,2025,4,50721.56,38793.00,65470.00,6219.31,720
TEX,NG,2025,5,55411.33,38401.00,78264.00,9330.51,744
TEX,NG,2025,6,62737.46,44490.00,77319.00,9100.54,720
TEX,NG,2025,7,64275.79,47322.00,81799.00,9538.64,744
TEX,NG,2025,8,66312.55,49186.00,83572.00,9935.23,744
TEX,NG,2025,9,61015.55,43074.00,80074.00,9875.85,720
TEX,NG,2025,10,55006.15,40247.00,76193.00,8904.92,744
TEX,NG,2025,11,49299.38,38794.00,64742.00,5402.49,720
TEX,NG,2025,12,50280.37,40703.00,62210.00,4319.82,718
TEX,NG,2026,1,53538.00,41020.00,75263.00,7228.35,744
TEX,NG,2026,2,49336.03,39908.00,69430.00,4719.62,672
TEX,NG,2026,3,51003.87,40427.00,66577.00,6018.38,744
TEX,NG,2026,4,52410.96,39038.00,74648.00,7113.86,720
TEX,NG,2026,5,56261.04,39938.00,77940.00,8852.24,744
TEX,NG,2026,6,65538.59,47418.00,82950.00,9464.86,720
TEX,NG,2026,7,69292.29,51524.00,90714.00,10593.46,744
TEX,NG,2026,8,70284.27,58074.00,82624.00,9120.81,22
TEX,TI,2023,8,-420.98,-931.00,499.00,351.19,685
TEX,TI,2023,9,-270.17,-847.00,761.00,355.13,720
TEX,TI,2023,10,-77.21,-913.00,533.00,212.84,741
TEX,TI,2023,11,-78.52,-1037.00,855.00,362.44,718
TEX,TI,2023,12,-8.64,-872.00,605.00,216.26,744
TEX,TI,2024,1,85.63,-1143.00,902.00,349.82,744
TEX,TI,2024,2,67.92,-918.00,1069.00,299.55,696
TEX,TI,2024,3,-27.15,-1009.00,868.00,316.59,743
TEX,TI,2024,4,77.18,-834.00,697.00,246.91,720
TEX,TI,2024,5,30.27,-765.00,953.00,222.44,744
TEX,TI,2024,6,-61.66,-813.00,744.00,298.53,720
TEX,TI,2024,7,78.16,-811.00,879.00,273.11,744
TEX,TI,2024,8,-37.31,-814.00,881.00,336.28,744
TEX,TI,2024,9,-41.51,-814.00,875.00,341.23,720
TEX,TI,2024,10,58.29,-813.00,835.00,321.54,744
TEX,TI,2024,11,-47.85,-219.00,430.00,137.24,720
TEX,TI,2024,12,-34.58,-374.00,392.00,138.98,744
TEX,TI,2025,1,32.99,-425.00,474.00,154.52,744
TEX,TI,2025,2,3.94,-363.00,426.00,129.85,672
TEX,TI,2025,3,8.02,-339.00,389.00,140.31,744
TEX,TI,2025,4,-25.04,-283.00,372.00,131.85,720
TEX,TI,2025,5,33.97,-219.00,396.00,141.88,744
TEX,TI,2025,6,-9.74,-219.00,305.00,145.27,720
TEX,TI,2025,7,-44.40,-219.00,292.00,137.16,744
TEX,TI,2025,8,-73.18,-219.00,269.00,137.36,744
TEX,TI,2025,9,-71.29,-750.00,613.00,218.19,720
TEX,TI,2025,10,-44.73,-794.00,956.00,382.18,744
TEX,TI,2025,11,-65.35,-823.00,1012.00,370.11,670
TEX,TI,2025,12,-142.09,-937.00,837.00,340.67,660
TEX,TI,2026,1,18.23,-1001.00,958.00,425.99,744
TEX,TI,2026,2,6.77,-829.00,832.00,304.55,672
TEX,TI,2026,3,-20.18,-840.00,1037.00,334.26,744
TEX,TI,2026,4,-225.02,-844.00,842.00,360.49,720
TEX,TI,2026,5,-9.50,-814.00,870.00,340.06,744
TEX,TI,2026,6,-70.59,-815.00,875.00,341.85,720
TEX,TI,2026,7,60.77,-814.00,881.00,373.78,744
TEX,TI,2026,8,-262.45,-721.00,222.00,337.01,22
